-- phpMyAdmin SQL Dump
-- version 4.6.6deb5
-- https://www.phpmyadmin.net/
--
-- Host: localhost:3306
-- Generation Time: Dec 24, 2018 at 01:05 PM
-- Server version: 5.7.24-0ubuntu0.18.04.1
-- PHP Version: 7.2.10-0ubuntu0.18.04.1

SET SQL_MODE = "NO_AUTO_VALUE_ON_ZERO";
SET time_zone = "+00:00";


/*!40101 SET @OLD_CHARACTER_SET_CLIENT=@@CHARACTER_SET_CLIENT */;
/*!40101 SET @OLD_CHARACTER_SET_RESULTS=@@CHARACTER_SET_RESULTS */;
/*!40101 SET @OLD_COLLATION_CONNECTION=@@COLLATION_CONNECTION */;
/*!40101 SET NAMES utf8mb4 */;

--
-- Database: `voatingdb`
--

-- --------------------------------------------------------

--
-- Table structure for table `agenda`
--

CREATE TABLE `agenda` (
  `Id` int(11) NOT NULL,
  `Agenda` text CHARACTER SET utf8 COLLATE utf8_unicode_ci NOT NULL,
  `AgendaDesc` text CHARACTER SET utf8 COLLATE utf8_unicode_ci NOT NULL,
  `AcceptAgenda` double NOT NULL,
  `DeclineAgenda` double NOT NULL,
  `RS_OnAgenda` double NOT NULL,
  `LetsVoat` tinyint(1) NOT NULL
) ENGINE=MyISAM DEFAULT CHARSET=latin1;

--
-- Dumping data for table `agenda`
--

INSERT INTO `agenda` (`Id`, `Agenda`, `AgendaDesc`, `AcceptAgenda`, `DeclineAgenda`, `RS_OnAgenda`, `LetsVoat`) VALUES
(1, 'የጉባኤውን አጀንዳዎች ማፅደቅ፣ ', 'የጉባኤውን አጀንዳዎች ማፅደቅ፣ ', 500000, 0, 0, 0),
(2, ' የጉባዔውን ድምፅ ቆጣሪዎች መሰየም፤ ', ' የጉባዔውን ድምፅ ቆጣሪዎች መሰየም፤ ', 500000, 0, 0, 0),
(3, 'ምልዓተ ጉባዔ መሟላቱን ማረጋገጥ፤ ', 'ምልዓተ ጉባዔ መሟላቱን ማረጋገጥ፤ ', 500000, 0, 0, 0),
(4, 'የጉባዔውን ፀሐፊ መምረጥ፤', 'የጉባዔውን ፀሐፊ መምረጥ፤', 500000, 0, 0, 0),
(5, 'እ.አ.አ በ2017/18 በጀት ዓመት የተደረጉ የኩባንያውን የአክሲዮን ዝውውሮች ማፅደቅና አክሲዮን የገዙ አዳዲስ ባለአክሲዮኖችን መቀበል፣ ', 'እ.አ.አ በ2017/18 በጀት ዓመት የተደረጉ የኩባንያውን የአክሲዮን ዝውውሮች ማፅደቅና አክሲዮን የገዙ አዳዲስ ባለአክሲዮኖችን መቀበል፣ ', 500000, 0, 0, 0),
(6, 'የዲሬክተሮች ቦርድን ዓመታዊ ሪፖርት ማዳመጥ ', 'የዲሬክተሮች ቦርድን ዓመታዊ ሪፖርት ማዳመጥ ', 500000, 0, 0, 0),
(7, 'የዉጭ ኦዲተሮችን ዓመታዊ ሪፖርት ማዳምጥ ', 'የዉጭ ኦዲተሮችን ዓመታዊ ሪፖርት ማዳምጥ ', 500000, 0, 0, 0),
(8, 'በተራ ቁጥር 6 እና 7 በቀረቡት ሪፖርቶች ላይ ተውያይቶ ማጽደቅ ', 'በተራ ቁጥር 6 እና 7 በቀረቡት ሪፖርቶች ላይ ተውያይቶ ማጽደቅ ', 500000, 0, 0, 0),
(9, 'እ.አ.አ በ2017/18 በጀት ዓመት የኩባንያው ትርፍ አደላደል ላይ የቀረበውን የዉሳኔ ሃሳብ መርምሮ ማፅደቅ፤ ', 'እ.አ.አ በ2017/18 በጀት ዓመት የኩባንያው ትርፍ አደላደል ላይ የቀረበውን የዉሳኔ ሃሳብ መርምሮ ማፅደቅ፤ ', 500000, 0, 0, 0),
(10, 'የዲሬክተሮች ቦርድ ወርሃዊና ዓመታዊ ክፍያን በሚመለከት በቀረበው የውሳኔ ሃሳብ ላይ ተወያይቶ ማፅደቅ ', 'የዲሬክተሮች ቦርድ ወርሃዊና ዓመታዊ ክፍያን በሚመለከት በቀረበው የውሳኔ ሃሳብ ላይ ተወያይቶ ማፅደቅ ', 500000, 0, 0, 0),
(11, 'የውጭ ኦዲተሮችን ዓመታዊ ክፍያ መወሰን፣ ', 'የውጭ ኦዲተሮችን ዓመታዊ ክፍያ መወሰን፣ ', 500000, 0, 0, 0),
(12, 'በኢትዮጵያ ብሔራዊ ባንክ ሰብሳቢነት የዳይሬክተሮች ቦርድ አባላት ምርጫን ማካሄድ፤ ', 'በኢትዮጵያ ብሔራዊ ባንክ ሰብሳቢነት የዳይሬክተሮች ቦርድ አባላት ምርጫን ማካሄድ፤ ', 500000, 0, 0, 0),
(16, 'የጉባኤውን ቃለ ጉባዔ ማፅደቅ', 'የጉባኤውን ቃለ ጉባዔ ማፅደቅ', 500000, 0, 0, 0),
(14, 'የኩባንያውን ካፒታል ለማሳደግ በቀረበው የውሳኔ ሃሳብ ላይ ተወያይቶ መወሰን', 'የኩባንያውን ካፒታል ለማሳደግ በቀረበው የውሳኔ ሃሳብ ላይ ተወያይቶ መወሰን', 500000, 0, 0, 0),
(15, 'የኩባንያውን መተዳደሪያ ደንብ አንቀፅ 8.4ን ለማሻሻል በቀረበው ውሳኔ ሀሳብ ላይ ተወያይቶ ማፅደቅ', 'የኩባንያውን መተዳደሪያ ደንብ አንቀፅ 8.4ን ለማሻሻል በቀረበው ውሳኔ ሀሳብ ላይ ተወያይቶ ማፅደቅ', 500000, 0, 0, 0);

-- --------------------------------------------------------

--
-- Table structure for table `app_users`
--

CREATE TABLE `app_users` (
  `Id` int(11) NOT NULL,
  `username` varchar(500) NOT NULL,
  `password` text NOT NULL,
  `role` varchar(500) NOT NULL
) ENGINE=MyISAM DEFAULT CHARSET=latin1;

--
-- Dumping data for table `app_users`
--

INSERT INTO `app_users` (`Id`, `username`, `password`, `role`) VALUES
(1, 'hewipoul', '6b83b824252a9dbfd98ce30dd0b02004', 'Administrator'),
(2, 'guest', '084e0343a0486ff05530df6c705c8bb4', 'Guest'),
(3, 'yeshi', '85cf7dda0edf4cbdcefaeb1ab73466f6', 'Registrar'),
(4, 'mahlet', '5c61ff8f8663db09df1ab9af121434c6', 'RegAuditor'),
(5, 'mahlet2', 'ad16370ce03a5dd286ea3c88bb7a7639', 'Voter'),
(6, 'yeshi2', '585d9bc334dbd3ddca473cb01d691127', 'VoteAuditor');

-- --------------------------------------------------------

--
-- Table structure for table `attendanceencoder`
--

CREATE TABLE `attendanceencoder` (
  `Id` int(11) NOT NULL,
  `EncoderName` text NOT NULL,
  `ShareholderId` int(11) NOT NULL
) ENGINE=MyISAM DEFAULT CHARSET=latin1;

--
-- Dumping data for table `attendanceencoder`
--

INSERT INTO `attendanceencoder` (`Id`, `EncoderName`, `ShareholderId`) VALUES
(1, 'mahlet', 12),
(2, 'mahlet', 64),
(3, 'mahlet', 78),
(4, 'mahlet', 142),
(5, 'mahlet', 84),
(6, 'mahlet', 72),
(7, 'mahlet', 1),
(8, 'mahlet', 2),
(9, 'mahlet', 4),
(10, 'mahlet', 8),
(11, 'mahlet', 3),
(12, 'mahlet', 6),
(13, 'mahlet', 32);

-- --------------------------------------------------------

--
-- Table structure for table `attendancemaker`
--

CREATE TABLE `attendancemaker` (
  `Id` int(11) NOT NULL,
  `MakerName` text NOT NULL,
  `shareholderId` int(11) NOT NULL
) ENGINE=InnoDB DEFAULT CHARSET=latin1;

--
-- Dumping data for table `attendancemaker`
--

INSERT INTO `attendancemaker` (`Id`, `MakerName`, `shareholderId`) VALUES
(1, 'yeshi', 12),
(2, 'yeshi', 64),
(3, 'yeshi', 78),
(4, 'yeshi', 142),
(5, 'yeshi', 84),
(6, 'yeshi', 72),
(7, 'yeshi', 1),
(8, 'yeshi', 2),
(9, 'yeshi', 4),
(10, 'yeshi', 8),
(11, 'yeshi', 3),
(12, 'yeshi', 6);

-- --------------------------------------------------------

--
-- Table structure for table `candidates`
--

CREATE TABLE `candidates` (
  `Id` int(11) NOT NULL,
  `shareHolderId` int(11) NOT NULL,
  `Name` text CHARACTER SET utf8 COLLATE utf8_unicode_ci NOT NULL,
  `NumberOfShare` int(11) NOT NULL,
  `votes` int(11) NOT NULL
) ENGINE=MyISAM DEFAULT CHARSET=latin1;

--
-- Dumping data for table `candidates`
--

INSERT INTO `candidates` (`Id`, `shareHolderId`, `Name`, `NumberOfShare`, `votes`) VALUES
(1, 13, 'አቶ አበበ ወ/ስላሴ አረዶ ', 360, 274),
(2, 11, 'አቶ አበበ ገ/የሱስ ሀይለማርያም ', 297, 0),
(3, 32, 'አዳነች ገ/ጊዮርጊስ ', 2795, 58),
(4, 43, 'አቶ አፋራሳ አጎናፍር ', 235, 0),
(5, 59, 'አቶ አለማየሁ ግርማ ደሞ ', 55, 274),
(6, 103, 'አምሪያ ሳቢር  አርጋው', 861, 274);

-- --------------------------------------------------------

--
-- Table structure for table `MaxVote`
--

CREATE TABLE `MaxVote` (
  `Id` int(11) NOT NULL,
  `max_Vote` int(11) NOT NULL
) ENGINE=InnoDB DEFAULT CHARSET=latin1;

--
-- Dumping data for table `MaxVote`
--

INSERT INTO `MaxVote` (`Id`, `max_Vote`) VALUES
(1, 3);

-- --------------------------------------------------------

--
-- Table structure for table `Notice`
--

CREATE TABLE `Notice` (
  `Id` int(11) NOT NULL,
  `noticeTitle` text NOT NULL,
  `noticeContent` text NOT NULL
) ENGINE=InnoDB DEFAULT CHARSET=latin1;

-- --------------------------------------------------------

--
-- Table structure for table `proxy`
--

CREATE TABLE `proxy` (
  `Id` int(11) NOT NULL,
  `proxyName` text CHARACTER SET utf8 COLLATE utf8_unicode_ci NOT NULL,
  `shareHolderId` int(11) NOT NULL,
  `shareholderName` text CHARACTER SET utf8 COLLATE utf8_unicode_ci NOT NULL,
  `subscribedshare` int(11) NOT NULL,
  `amount` double NOT NULL,
  `ShareholderExist` tinyint(1) NOT NULL
) ENGINE=MyISAM DEFAULT CHARSET=latin1;

--
-- Dumping data for table `proxy`
--

INSERT INTO `proxy` (`Id`, `proxyName`, `shareHolderId`, `shareholderName`, `subscribedshare`, `amount`, `ShareholderExist`) VALUES
(1, 'ፍሬሰንበት ገ/መድህን', 32, 'አዳነች ገ/ጊዮርጊስ ', 2795, 1397500, 0),
(2, 'ፍሬሰንበት ገ/መድህን', 60, 'አለማየሁ ሐይሌ ፍሬሰንበት ', 1418, 709000, 0),
(3, 'ፍሬሰንበት ገ/መድህን', 275, 'ድጋፉ አመርጋ ሶረታ ', 643, 321500, 0),
(4, 'ፍሬሰንበት ገ/መድህን', 102, 'አቶ አመርጋ ካሳ ', 2268, 1134000, 0),
(5, 'ፍሬሰንበት ገ/መድህን', 334, 'ፋንታዬ ተክሌ ሶርታ ', 786, 393000, 0),
(6, 'ፍሬሰንበት ገ/መድህን', 815, 'ተፈሪ ይርጋ ሀይሌ ', 175, 87500, 0),
(7, 'ፍሬሰንበት ገ/መድህን', 843, 'ተስፋዬ  ሀ/ማርያም ሙሀመድ እና ወይም ሙሉ ግርማይ ', 3352, 1676000, 0),
(8, 'ፍሬሰንበት ገ/መድህን', 967, 'የውብዳር ይርጋ ', 1720, 860000, 0),
(9, 'ፍሬሰንበት ገ/መድህን', 1000, 'ዘለቀ አርጋው ሻሸሞ', 262, 131000, 0),
(10, 'ብርሃኑ ጠቅልል', 354, 'ገ/የሱስ ወልደጊዮርጊስ ጨማረ', 129, 64500, 0),
(11, 'ሰይፉ ገ/ሚካኤል', 831, 'ተቋምወርቅ ታደሰ ወ/ማርያም', 87, 43500, 0),
(12, 'ሰይፉ ገ/ሚካኤል', 221, 'ብስራት -ገብርኤል ፍራንሳው ብሬ ', 242, 121000, 0),
(13, 'ጌታቸው ይስማ', 260, 'ደመቀች እሸቴ ሀ/ወልድ ', 264, 132000, 0),
(14, 'አበራ ሽሬ', 156, 'ቢተወደድ ባህሩ አብርሀም አውግቼው ', 11700, 5850000, 0),
(15, 'ማርታ ሃ/ማርያም', 988, 'ዬሴፍ አሰፋ ዱባለ ', 410, 205000, 0),
(16, 'ፈለቀ አርጋው ጋረድ', 235, 'ዳግማዊ ፈለቀ  አራጋው ', 141, 70500, 0),
(17, 'ተክሉ በርሄ', 343, 'ፍቅሬ እንዲሪያስ ፈርሻ', 1166, 583000, 0),
(18, 'ነስሩ ዑመር', 445, 'ሀሰን አሊ መሀመድ ', 136, 68000, 0),
(19, 'ሽቱ ገ/ማርያም', 800, 'ታፈሰ ቦጋለ ገ/ወልድ', 1609, 804500, 0),
(20, 'ከማል ሰይድ', 292, 'ዶ/ር ኢማን አብደላ የሱፍ ', 106, 53000, 0),
(21, 'ዳዊት ዘመረ ጀማነህ', 81, 'አልማዝ አስፋው ዘወልድ ', 428, 214000, 0);

-- --------------------------------------------------------

--
-- Table structure for table `reversedvoteonagenda`
--

CREATE TABLE `reversedvoteonagenda` (
  `Id` int(11) NOT NULL,
  `VoterId` int(11) NOT NULL,
  `VoterName` text CHARACTER SET utf8 COLLATE utf8_unicode_ci NOT NULL,
  `subscribedShare` int(11) NOT NULL,
  `AgendaId` int(11) NOT NULL,
  `AgendaTopic` text NOT NULL,
  `vote` text NOT NULL
) ENGINE=MyISAM DEFAULT CHARSET=latin1;

-- --------------------------------------------------------

--
-- Table structure for table `reversedvotes`
--

CREATE TABLE `reversedvotes` (
  `Id` int(11) NOT NULL,
  `voterId` int(11) NOT NULL,
  `voterName` text CHARACTER SET utf8 COLLATE utf8_unicode_ci NOT NULL,
  `votedcandidatesId` text NOT NULL,
  `votedcandidateName` text CHARACTER SET utf8 COLLATE utf8_unicode_ci NOT NULL,
  `subscribedshare` int(11) NOT NULL,
  `encoder` text NOT NULL
) ENGINE=MyISAM DEFAULT CHARSET=latin1;

-- --------------------------------------------------------

--
-- Table structure for table `shareholders`
--

CREATE TABLE `shareholders` (
  `Id` int(11) NOT NULL,
  `Name` text CHARACTER SET utf8 COLLATE utf8_unicode_ci NOT NULL,
  `numberOfshares` float NOT NULL,
  `amount` float NOT NULL,
  `attendance_status` tinyint(1) NOT NULL,
  `attrndanceApprovalStatus` tinyint(1) NOT NULL
) ENGINE=MyISAM DEFAULT CHARSET=latin1;

--
-- Dumping data for table `shareholders`
--

INSERT INTO `shareholders` (`Id`, `Name`, `numberOfshares`, `amount`, `attendance_status`, `attrndanceApprovalStatus`) VALUES
(1, 'አቶ አባትነህ ተገኝ ቢያብል ', 115, 57500, 1, 1),
(2, 'አባይ ሐሰን ', 25, 12500, 1, 1),
(3, 'አባይነህ ግርማ እና ወይም ስንዱ ያይኔአለም ', 885, 442500, 1, 1),
(4, 'ዶ/ር አብደላ ሹክረላ ዘይኔ', 274, 137000, 1, 1),
(5, 'አቶ አብደላ አበዶ ትርፌ ', 67, 33500, 0, 0),
(6, 'አብደላ መሀመድ እና /ወይም አይመን አበደላ', 43, 21500, 1, 1),
(7, 'አብዱልሰምድ መሀመድ ኩማሽ', 274, 137000, 0, 0),
(8, 'አቶ አብዱልሰታር ሁሴን ከሬሞ ', 1320, 660000, 1, 1),
(9, 'ወ/ሮ አቶ አበባ ውበቱ ረታ  ', 918, 459000, 0, 0),
(10, 'አበበ አየለ ', 109, 54500, 0, 0),
(11, 'አቶ አበበ ገ/የሱስ ሀይለማርያም ', 297, 148500, 0, 0),
(12, 'አቶ አበበ ጅሩ ለሚ ወይም አልማዝ ተካልኝ ', 137, 68500, 1, 1),
(13, 'አቶ አበበ ወ/ስላሴ አረዶ ', 360, 180000, 0, 0),
(14, 'አቶ  አቤል ግዛው በክረ', 47, 23500, 0, 0),
(15, 'አቶ አበራ በዛብህ እጅጉ ', 36, 18000, 0, 0),
(16, 'አቶ አበራ ጮራ ተጀጂ', 98, 49000, 0, 0),
(17, 'አበራ ኢተፋ ጎበና እና ሒሩት ዮሴፍ ሰርዳ', 122, 61000, 0, 0),
(18, 'አቶ አበራ ፈረጃ ቡታ ', 58, 29000, 0, 0),
(19, 'አቶ አበራ ገ/መስቀል በየነ ', 98, 49000, 0, 0),
(20, 'አቶ አበራ ሽሬ ገ/ጻዲቅ ', 800, 400000, 0, 0),
(21, 'አቶ  አበራ ታፈሰ ዱባለ ', 360, 180000, 0, 0),
(22, 'አበራሽ አሰፋ የሺጥላ ', 1411, 705500, 0, 0),
(23, 'ወ/ሮ አበራሽ ፋንታዬ ተሾመ', 267, 133500, 0, 0),
(24, 'አቦነሽ ድንቁ ደረጄ እና/ወይም ወጋየሁ ገ/ኪዳን ', 70, 35000, 0, 0),
(25, 'አቦነሽ ጉታ ', 881, 440500, 0, 0),
(26, 'አቶ  አብርሀም አስመላሽ እቁባይ ', 4806, 2403000, 0, 0),
(27, 'አቶ አብርም መርሻ ሁርጌሳ ', 200, 100000, 0, 0),
(28, 'አቶ አብርም ስለሺ በዳሶ ', 406, 203000, 0, 0),
(29, 'ወ/ሮ አቻምየለሽ  አባተ አስረስ ', 77, 38500, 0, 0),
(30, 'አቶ አዳነ ዘለቀ ዱኪ ', 150, 75000, 0, 0),
(31, 'አዳነች አሰፋ አሳምነው እና ወይም ጽጌ ገ/ኪረሰቶሰ ', 246, 123000, 0, 0),
(32, 'አዳነች ገ/ጊዮርጊስ ', 2795, 1397500, 0, 0),
(33, 'ወ/ሮ አዳነች ወ/ሐዋርያት ዳምቴ', 173, 86500, 0, 0),
(34, 'አዲስ አዱኛ አማኑ እና /ወይም እየሩሳሌም ተ/ጽዮን ', 444, 222000, 0, 0),
(35, 'አድስ ጥረት አ.ማ ', 2548, 1274000, 0, 0),
(36, 'ወ/ሮ አዲስ ወ/ጊዮርጊስ ወልደጻዲቅ ', 506, 253000, 0, 0),
(37, 'አደስአለም ደሞዝ ወ/አረጋይ ', 58, 29000, 0, 0),
(38, 'አቶ አዲሱ  ጫኔ ይሁን ', 30, 15000, 0, 0),
(39, 'አቶ አዲሱ  ፍቃዱ አይናለም ', 92, 46000, 0, 0),
(40, 'አቶ አዲሱ  ገ/ሚካኤል ገበረማርያም ', 80, 40000, 0, 0),
(41, 'አቶ አደባባይ ሙላት ዳንው ', 41, 20500, 0, 0),
(42, 'አቶ አደማሱ ጥላሁን ዘመድኩን ', 194, 97000, 0, 0),
(43, 'አቶ አፋራሳ አጎናፍር ', 235, 117500, 0, 0),
(44, 'አፍሪካ ቤዛ አ.ማ ', 140, 70000, 0, 0),
(45, 'ወ/ሮ አፍሪካዊት መኮንን ታዲዎስ ', 234, 117000, 0, 0),
(46, 'ኤ.ጄ.ኬ ኢንተርፕራይዝ ጋ.የተ.የግል .ማ ', 91, 45500, 0, 0),
(47, 'አቶ አግዘው አድማሱ ተፈራ ', 51, 25500, 0, 0),
(48, 'አቶ አህመድ ቡስር አማን ', 1309, 654500, 0, 0),
(49, 'አቶ አካለስላሴ መኩሪያ ', 253, 126500, 0, 0),
(50, 'አቅለሲያ ታደሰ ተፈራ ', 1047, 523500, 0, 0),
(51, 'አቶ አክሊል በለጠ ወ/ገብርኤል ', 307, 153500, 0, 0),
(52, 'አክሊሉ ገ/እግዚያብሄር ', 84, 42000, 0, 0),
(53, 'አቶ አክሊሉ ወ/አማኑኤል ደጀን ', 353, 176500, 0, 0),
(54, 'አለምአረጋ ወ/መድህን አቼሞ', 190, 95000, 0, 0),
(55, 'አቶ አለማየሁ አባተ አስረስ', 595, 297500, 0, 0),
(56, 'ዶ/ር አለማይሁ አረዳ በየነ ', 2303, 1151500, 0, 0),
(57, 'አቶ አለማየሁ አርጋው ', 685, 342500, 0, 0),
(58, 'አቶ  አለማየሁ ገ/ዮሐንስ ', 97, 48500, 0, 0),
(59, 'አቶ አለማየሁ ግርማ ደሞ ', 55, 27500, 0, 0),
(60, 'አለማየሁ ሐይሌ ፍሬሰንበት ', 1418, 709000, 0, 0),
(61, 'አቶ አለማየሁ ኪ/ማርያም ', 264, 132000, 0, 0),
(62, 'አቶ አለማየሁ መኮንን ', 50, 25000, 0, 0),
(63, 'አለማየሁ ንጉሴ እና /ወይም ዘውድነሽ ታደለ ', 624, 312000, 0, 0),
(64, 'አለማየሁ ስሜ ወርዶፋ  ወይም ፍጹም ል/ወርቅ ', 68, 34000, 1, 1),
(65, 'አቶ አለማየሁ ሲሳይ መንግስቱ ', 377, 188500, 0, 0),
(66, 'አቶ አለማየሁ ስዩም ሁርጌሳ ', 822, 411000, 0, 0),
(67, 'ፕሮፈሰር አለማየሁ ተፈራ መሸሻ ', 205, 102500, 0, 0),
(68, 'አቶ አለማየሁ ተስፋዬ አድነው ', 512, 256000, 0, 0),
(69, 'አቶ አለማየሁ ጥላሁን  ደንሴ', 304, 152000, 0, 0),
(70, 'አቶ አለማየሁ ወርቅነህ ጅሩ ', 367, 183500, 0, 0),
(71, 'አለምገና ሰይፉ አበበ', 79, 39500, 0, 0),
(72, 'አለምነሽ ወልዴ ፈያ ', 200, 100000, 1, 1),
(73, 'አለሙ ደነቀው ግታሁን ', 1960, 980000, 0, 0),
(74, 'ዶ/ር  አለሙ ገ/ወልድ በንቲ ', 133, 66500, 0, 0),
(75, 'አቶ አለሙ ኮሬ ', 201, 100500, 0, 0),
(76, 'አለሙ ታደሰ ለ የምስራች አለሙ ', 180, 90000, 0, 0),
(77, 'አለምዘውድ እንግዳ መንገሻ ', 295, 147500, 0, 0),
(78, 'አቶ አልፍሬድ ከማል መሀመድ ', 513, 256500, 1, 1),
(79, 'አቶ አሊ አደም መሀመድ ', 330, 165000, 0, 0),
(80, 'አልማዝ አልሙ ገ/የስ ', 65, 32500, 0, 0),
(81, 'አልማዝ አስፋው ዘወልድ ', 428, 214000, 0, 0),
(82, 'አልማዝ ደጀኔ በላቸው ', 41, 20500, 0, 0),
(83, 'አልማዝ ደጀኔ ገ/ማርያም ', 128, 64000, 0, 0),
(84, 'አልማዝ ሀይሉ ጉተማ ', 58, 29000, 1, 1),
(85, 'አልማዝ  ጀማል ሁሴን ', 67, 33500, 0, 0),
(86, 'አልማዝ ሲሳይ ', 89, 44500, 0, 0),
(87, 'አልማዝ ተገኝ ወ/ገብርኤል ለ ማህሌት እና ገነት ሰለሞን ', 364, 182000, 0, 0),
(88, 'አልማዝ ጥገኝ ወ/ገብርኤል ጥበበ፣መክብብ፣ዳዊትእና ነገሱ ሰለሞን ', 364, 182000, 0, 0),
(89, 'አልማዝ ተሰማ አበበ', 200, 100000, 0, 0),
(90, 'አልታየች መኮንን ጀምበሬ እና/ወይም አበራ መኮንን ', 89, 44500, 0, 0),
(91, 'አቶ አሉላ ታደስ ተፈራ ', 934, 467000, 0, 0),
(92, 'አማጋ  ኃ.የተ.የግል .ማ ', 796, 398000, 0, 0),
(93, 'አቶ አማን ሐሰን', 258, 129000, 0, 0),
(94, 'አቶ አማን ረዲ አሬቦ ', 119, 59500, 0, 0),
(95, 'ዶር አማኑኤል  ሙሉጌታ አበበ ', 124, 62000, 0, 0),
(96, 'አቶ አማኑኤልወርቅ አበበ ይደንግጡ ', 450, 225000, 0, 0),
(97, 'አቶ አማረ አበበ እንየው ', 115, 57500, 0, 0),
(98, 'አቶ አማረ ንጉሴ ተሰማ ', 168, 84000, 0, 0),
(99, 'አማረ ተ/ፃዲቅ ሀብተገብርኤል ', 131, 65500, 0, 0),
(100, ' አቶ አምባዬ መርጋ ቁጩ', 90, 45000, 0, 0),
(101, 'አመልማል ታከለ ዳኘው ', 182, 91000, 0, 0),
(102, 'አቶ አመርጋ ካሳ ', 2268, 1134000, 0, 0),
(103, 'አምሪያ ሳቢር  አርጋው', 861, 430500, 0, 0),
(104, 'አቶ አምሀ በየነ ', 55, 27500, 0, 0),
(105, 'አምላከንጹህ ሰብስቤ ካሳ', 567, 283500, 0, 0),
(106, 'አምሳለ በላይ ', 286, 143000, 0, 0),
(107, 'አምሳለ ጌታሁን ደምሴ ', 91, 45500, 0, 0),
(108, 'አምሳለ ተዘራ አየለ ', 45, 22500, 0, 0),
(109, 'አንቺነሽ ተስፋዬ ግዛው ', 1320, 660000, 0, 0),
(110, 'አንዱአለም ተገኝ ተሰማ ', 63, 31500, 0, 0),
(111, 'አርአያ ሙሉግታ ሙሉነህ ', 257, 128500, 0, 0),
(112, 'አረጋሽ ተመርጋ ', 405, 202500, 0, 0),
(113, 'አርጋው  ገብሬ ወ/ስላሴ ', 110, 55000, 0, 0),
(114, 'አሳምነው ባረጋ ', 83, 41500, 0, 0),
(115, 'ብ/ል ጀነራል  አሳምነው በዳኔ ', 422, 211000, 0, 0),
(116, 'አሳምነው መጋቢነህ ዘለለ ', 34, 17000, 0, 0),
(117, 'አስጨናቂ ክፍሌ ተመስገን እና /ወይም ሀረገወይን አባተ ', 113, 56500, 0, 0),
(118, 'አሰበ ሀ/መስቀል ወልደሰማያት ', 46, 23000, 0, 0),
(119, 'አስጋሽ ገለቱ ወ/የሱስ ', 389, 194500, 0, 0),
(120, 'አሰገደች ታደሰ ማሞ ', 122, 61000, 0, 0),
(121, 'አሰገደች ተፈሪ ይግዛው ', 24, 12000, 0, 0),
(122, 'አስፋው ገ/ማርያም አለ ', 124, 62000, 0, 0),
(123, 'ብ/ር ጀነራል አሽብር ከበደ  ወ/ጊዮርጊስ ', 171, 85500, 0, 0),
(124, 'አስካለ መኮንን ', 864, 432000, 0, 0),
(125, 'አስካለ ወ/ጊዮርጊስ ጨማረ ', 470, 235000, 0, 0),
(126, 'አስመን ኃ.የተ.የግ.ማ ', 149, 74500, 0, 0),
(127, 'አስራት ባልቻ ወርዶፋ ', 103, 51500, 0, 0),
(128, 'አስረግደው  ሀይሌ  እና /ወይም ሔራኒ አስረግደው', 864, 432000, 0, 0),
(129, 'አስረስ አርጋው ወ/ማርያም ', 373, 186500, 0, 0),
(130, 'አሳዬ ለገሰ አበበ', 1319, 659500, 0, 0),
(131, 'አሰፋ ደማ ገስየ', 1368, 684000, 0, 0),
(132, 'ዶ/ር አሰፋ ገ/ስላሴ ወልደትንሳይ ', 681, 340500, 0, 0),
(133, 'አቶ አሰፋ ግርማ  ምህረቱ ', 187, 93500, 0, 0),
(134, 'አቶ አሰፋ ጄዛ ', 49, 24500, 0, 0),
(135, 'አስቴር አዳፍሬ ', 1187, 593500, 0, 0),
(136, 'አስቴር አለሙ ወ/ፃዲቅ ', 93, 46500, 0, 0),
(137, 'አስቴር ቡሊ አያኑ ', 23, 11500, 0, 0),
(138, 'አስቴር ቸርነት ወ/ሂወት ', 54, 27000, 0, 0),
(139, 'ወ/ሮ አስቴር ሀይሌ ሸዋበጀህ', 68, 34000, 0, 0),
(140, 'አስዋይ ንጉሴ ', 42, 21000, 0, 0),
(141, 'አትጠገብ ንጉሴ ', 42, 21000, 0, 0),
(142, 'አጸደ  ገ/ፃዲቅ ስለወንድም ', 207, 103500, 1, 1),
(143, 'አይዳ ፍሰሃ  ክፍላይ ', 317, 158500, 0, 0),
(144, 'አየለ በሲር ለ አላዛር አየለ ', 688, 344000, 0, 0),
(145, 'አየለ በሲር ለ አማኑኤል  አየለ ', 637, 318500, 0, 0),
(146, 'አየለ በሲር ለ ያብስራ አየለ ', 688, 344000, 0, 0),
(147, 'ካፕቴን አየለ ሀይሌ ወ/ሚካኤል ', 181, 90500, 0, 0),
(148, 'አየለ ማሞ ተረጋ ', 1727, 863500, 0, 0),
(149, 'ኢንጂነር አየለ ተጫኔ በሻህ ', 1221, 610500, 0, 0),
(150, 'ወ/ሮ አየለች ቸርነት ', 75, 37500, 0, 0),
(151, 'አዜብ አባይ በርሄ', 632, 316000, 0, 0),
(152, 'አዜብ ብርሀኔ ይህደጎ ', 77, 38500, 0, 0),
(153, 'ዶ/ር አዜብ ታምራት እስጢፋኖስ ', 630, 315000, 0, 0),
(154, 'አዜብ ተክልማርያም ወ/የሱስ ', 120, 60000, 0, 0),
(155, 'ባህሩ ጫካ ማሞ', 115, 57500, 0, 0),
(156, 'ቢተወደድ ባህሩ አብርሀም አውግቼው ', 11700, 5850000, 0, 0),
(157, 'ባህሩ ጥላሁን ሀ/ማርያም ', 454, 227000, 0, 0),
(158, 'ባህሩ ዘርጋው ግዛው ', 146, 73000, 0, 0),
(159, 'ባንቺ ደሳለኝ ሀ/ማርያም ', 83, 41500, 0, 0),
(160, ' ወ/ት ባንቺይስፋ ዘውዴ አበበ ', 119, 59500, 0, 0),
(161, 'ባንሸቢ ተጀዊ ናዜብ ', 2417, 1208500, 0, 0),
(162, 'ባይሳ ዋንጋሪ ቦሩ ቡልቻ ኃ.የተ.የግል .ማ', 2130, 1065000, 0, 0),
(163, 'በአካል  ሀይሉ ከበደ እና/ ወይም ቢኒያም ሀይሉ ', 269, 134500, 0, 0),
(164, 'በአካል ንጉሴ ', 42, 21000, 0, 0),
(165, 'በድሩ  ሐሰን ', 500, 250000, 0, 0),
(166, 'በእደማርያም አውዴ ', 37, 18500, 0, 0),
(167, 'በህጉ ተድላ መኮንን ', 57, 28500, 0, 0),
(168, 'በቃሉ ተጁ ዲባባ', 123, 61500, 0, 0),
(169, 'በቀለ አብሽሮ ፎርጌቶ ', 2427, 1213500, 0, 0),
(170, 'አምባሳደር በቀለ አእንደሻው ', 58, 29000, 0, 0),
(171, 'በቀለ ገ/ሚካኤል ጂማ ', 51, 25500, 0, 0),
(172, 'በቀለች አለሙ ይመር ', 205, 102500, 0, 0),
(173, 'በላቸው እሸቴ ፀጋዬ', 24, 12000, 0, 0),
(174, 'በላይ ቀርሰማ ዱንዳ ', 58, 29000, 0, 0),
(175, 'በላይ ተገኝ አለሙ ', 3080, 1540000, 0, 0),
(176, 'ዶ/ር .ኢንጂ  በላይ ወ/የሱስ ወልደስላሱ ', 775, 387500, 0, 0),
(177, 'በላይነህ አየለ ', 70, 35000, 0, 0),
(178, 'በላይነሽ አብዛ ', 19, 9500, 0, 0),
(179, 'በላይነሽ በርሄ ወ/የስ እና/ወይም ሀ/መለኮት  ተክለጊዮርጊስ ', 177, 88500, 0, 0),
(180, 'በለጠ ዲባባ ሰታ ', 492, 246000, 0, 0),
(181, 'በለጡ በርታ ጉደታ ', 45, 22500, 0, 0),
(182, 'በንቲ ተካ ወ/መስቀል ', 684, 342000, 0, 0),
(183, 'በረካ መሐመድ ሁመር', 205, 102500, 0, 0),
(184, 'በረከት ሰብስቤ ኖዲሳ ', 211, 105500, 0, 0),
(185, 'በረከት ታዲዎስ ወ/አገኘሁ', 180, 90000, 0, 0),
(186, 'ዶ/ር በርጋ ለማጋ ተሰራ ', 370, 185000, 0, 0),
(187, 'በተክለሐይማኖት ወረዳ በሒወትና በሞት መረዳጃ እድር', 924, 462000, 0, 0),
(188, 'ቤተልሔም ሰለሞን ', 21, 10500, 0, 0),
(189, 'ቤተልሔም አሰግድ ሙሉአለም ', 217, 108500, 0, 0),
(190, 'ቤተልሔም  በዛብህ ደምስስ', 30, 15000, 0, 0),
(191, 'ቤተልሔም ግዛው በክሬ', 47, 23500, 0, 0),
(192, 'ቤተልሄም ጥላሁን ወልዴ ', 75, 37500, 0, 0),
(193, 'በዛብህ ግርማ ገ/ማርያም ', 464, 232000, 0, 0),
(194, 'ቢሆን አሻግ  ወንድማገኝ ', 324, 162000, 0, 0),
(195, 'ቢኒያም ገ/እግዚያብኤር ወንዳፈራሁ ', 1410, 705000, 0, 0),
(196, 'ቢኒያም ከበደ ወሰን ', 63, 31500, 0, 0),
(197, ' ዶ/ር ብርሀኔ ገ/ኪዳን አድጋቦ ', 1182, 591000, 0, 0),
(198, 'ብርሀኑ አብሽሮ  ማንቸር ', 244, 122000, 0, 0),
(199, 'ብርሀኑ እና  ቤተሰቦቹ  ኃ. የተ. የግል ማ ', 269, 134500, 0, 0),
(200, 'ብርሀኑ አብርሀም ደብሩ ', 74, 37000, 0, 0),
(201, 'ብርሀኑ አዛናው ካሳ ', 84, 42000, 0, 0),
(202, 'ብርሀኑ ደስታ ወርቁ ', 293, 146500, 0, 0),
(203, 'ዶ/ር ብርሀኑ ገ/ማርያም  ስብህሬ ', 444, 222000, 0, 0),
(204, 'ብርሀኑ ለገሰ ገዳሙ', 261, 130500, 0, 0),
(205, 'ብርሀኑ ታፈጠ ካሱ ', 624, 312000, 0, 0),
(206, 'ብርሀኑ ታከለ ዳገኘው ', 33, 16500, 0, 0),
(207, 'ብርሀኑ ወ/ጊዮርጊስ እና /ወይም ስዩም ብርሀኑ ', 1498, 749000, 0, 0),
(208, 'ኢንጂነር ብርሀኑ ወ/ጊዮርጊስ ሳረጋ ', 130, 65000, 0, 0),
(209, 'ብርሀኑ ዘለቀ እርገጠቃል ', 255, 127500, 0, 0),
(210, 'ብርሀኑ ዘለቀ ገ/ስላሴ ', 427, 213500, 0, 0),
(211, 'ብርቄ እንየው ፈጠነ ', 283, 141500, 0, 0),
(212, 'ብርቅነሽ ቡርቃ ዋቅቶሊ እና/ወይም ጣሰው ደምሴ', 90, 45000, 0, 0),
(213, 'ብርቱካን ከበደ ፍቃዱ ', 398, 199000, 0, 0),
(214, 'ብሩክ ሀ/ማርያም  ለማ ', 349, 174500, 0, 0),
(215, 'ብሩክ ሀ/መስቀል ካሳዬ', 214, 107000, 0, 0),
(216, 'ብሩክ ካሳሁን ሀ/የሱስ ', 225, 112500, 0, 0),
(217, 'ብሩክ ተሾመ  ', 119, 59500, 0, 0),
(218, 'ብሩክ ቱርጋ  ቡታ ', 200, 100000, 0, 0),
(219, 'ብሩክ ወንድሙ ዉሂብ ', 37, 18500, 0, 0),
(220, 'ብሩክ የማነብርሀን እና /ወይም ውድስት አሰፋ ', 306, 153000, 0, 0),
(221, 'ብስራት -ገብርኤል ፍራንሳው ብሬ ', 242, 121000, 0, 0),
(222, 'ብስራት ረቱ ሀ/ወልድ ', 65, 32500, 0, 0),
(223, 'ብስራት ሽፈራው በለጠ ', 54, 27000, 0, 0),
(224, 'ብዙነህ ሰማ ኬሬሞ ', 61, 30500, 0, 0),
(225, 'ብሌን መሰለ ሀይሌ ', 160, 80000, 0, 0),
(226, 'ቦጋለ ደምሴ ውፍዬ', 220, 110000, 0, 0),
(227, 'ቦጋለ ሻወል ደማ ', 169, 84500, 0, 0),
(228, 'ዶ/ር ቦጋለች ገብሬ ካብሬ ', 988, 494000, 0, 0),
(229, 'ብሩክታዊት ወ/ሰማያት እዳቴ ', 77, 38500, 0, 0),
(230, 'ዶ/ር ቡዙአየሁ ተስፋዬ አሰፋው ', 985, 492500, 0, 0),
(231, 'ዶ/ር ጫንያለው ካሳ መኮንን ', 224, 112000, 0, 0),
(232, 'ጨርቆስ ተፈራ ዘለቀ ', 367, 183500, 0, 0),
(233, 'ዳግም ግርማቸው ማሞ ', 45, 22500, 0, 0),
(234, 'ዳግም ተሸመ ግዛው ', 108, 54000, 0, 0),
(235, 'ዳግማዊ ፈለቀ  አራጋው ', 141, 70500, 0, 0),
(236, 'ዳኘው መኮንን ', 100, 50000, 0, 0),
(237, 'ዳኘው መኮንንን እና /ወይም ትሩፋት ፈለቀ ', 353, 176500, 0, 0),
(238, 'ዳሪ ሙዘሚል አወል', 39, 19500, 0, 0),
(239, 'ዳመነ ሲማ ሱጋ ', 58, 29000, 0, 0),
(240, 'ዳምጠው ጨፍቄ አርጋው ', 145, 72500, 0, 0),
(241, 'ዳንዲ ዋቃ ቶኮ ኃ.የተ.የግል .ማ ', 3628, 1814000, 0, 0),
(242, 'ዳንኤል ሀ/ማርያም መሀመድ ', 122, 61000, 0, 0),
(243, 'ዳንኤል ጃንቦ ', 37, 18500, 0, 0),
(244, 'ዳንኤል ከበደ ወሰን ', 63, 31500, 0, 0),
(245, 'ዳንኤል ውድነህ ታፈሰ', 53, 26500, 0, 0),
(246, 'ዳንኤል ዘካሪያ  ኢቶሬ ', 789, 394500, 0, 0),
(247, 'ዳዊት አለማየሁ ኪ/ማርያም ', 194, 97000, 0, 0),
(248, 'ዳዊት በጋሻው አታላይ ', 41, 20500, 0, 0),
(249, 'ዳዊት ግታሁን ቦጋለ', 29, 14500, 0, 0),
(250, 'ደዊት ሙሳ አህመድ ', 155, 77500, 0, 0),
(251, 'ዳዊት ሶሎሞን ድባይ ', 36, 18000, 0, 0),
(252, 'ዳዊት ተድላ  ፋንታዬ', 207, 103500, 0, 0),
(253, 'ዳዊት ተስፋዬ  አደሬ ', 964, 482000, 0, 0),
(254, 'ደበበ ሀይሌ ', 55, 27500, 0, 0),
(255, 'ደብርወርቅ  ሀይሌ በቀለ ', 54, 27000, 0, 0),
(256, 'ደጀኔ ኢርሜኖ ለቼሮ ', 54, 27000, 0, 0),
(257, 'ደጀኔ ከበደ ለገሰ ', 29, 14500, 0, 0),
(258, 'ዴልታ ኮንስትራክሽን ኃ .የተ.የግል .ማ', 205, 102500, 0, 0),
(259, 'ደ/ር ደምበል ባልቻ ዋቅጂሩ ', 482, 241000, 0, 0),
(260, 'ደመቀች እሸቴ ሀ/ወልድ ', 264, 132000, 0, 0),
(261, 'ደምስ  በከለ ተሾመ ', 158, 79000, 0, 0),
(262, 'ደምሰው  አሳዬ ምትኩ ', 243, 121500, 0, 0),
(263, 'ደምሴ  ካሳ አንደቴ ', 80, 40000, 0, 0),
(264, 'ደምሴ  ካሩ ፎንጃ ', 124, 62000, 0, 0),
(265, 'ደንድር ገ/ሰንበት ንጋ', 58, 29000, 0, 0),
(266, 'ደረጄ ብርሀኔ አክሊል ', 41, 20500, 0, 0),
(267, 'ደረጄ ግርማ ገ/ማርያም ', 7507, 3753500, 0, 0),
(268, 'ደሳለኝ በደንጋ አለጋ ', 59, 29500, 0, 0),
(269, 'ደሳለኝ በዛብህ ካሴ ', 280, 140000, 0, 0),
(270, 'ደሳለኝ ዲባባ ', 131, 65500, 0, 0),
(271, 'ደሳለኝ ኒማ ወባቶ ', 215, 107500, 0, 0),
(272, 'ደሳለኝ ወርቁ ወ/ገብርኤል ', 60, 30000, 0, 0),
(273, 'ደሱ አብዛ በርሄ ', 19, 9500, 0, 0),
(274, 'ዶ/ር ዲባባ አብደታ ድርባባ ', 85, 42500, 0, 0),
(275, 'ድጋፉ አመርጋ ሶረታ ', 643, 321500, 0, 0),
(276, 'ድንበርነሽ ምትኩ በላይ', 237, 118500, 0, 0),
(277, 'ዱላ በሲር ኢሳ ', 164, 82000, 0, 0),
(278, 'ኢ/ር ዱላ ምላው  ኒማጋሽ ', 479, 239500, 0, 0),
(279, 'ኤግል ቪዥን ሜዲካል ሰርቪስ ኃ ', 343, 171500, 0, 0),
(280, 'ኤደን ሀይሌ ወ/ማርያም ', 479, 239500, 0, 0),
(281, 'ኤደን ሰለሞን ', 21, 10500, 0, 0),
(282, 'ኤፍቲሃ ማሪኦ እና/ ወይም ዮናሰ ጉረሜሳ ', 264, 132000, 0, 0),
(283, 'እጅጋየሁ በቀለ ወ/ገብርኤል ', 611, 305500, 0, 0),
(284, 'ኤሊና ኮነዶን ', 327, 163500, 0, 0),
(285, 'እሌኒ አስራት እና ወይም ግርማ ብዙነህ ', 311, 155500, 0, 0),
(286, 'ኤሊያስ ነጋሲ ', 362, 181000, 0, 0),
(287, 'ኤሊያስ ዘራብዛ ንዳ ', 1984, 992000, 0, 0),
(288, 'ኤላሳቤት እሸቴ ይግዛው ', 603, 301500, 0, 0),
(289, 'ኤልሳቤት መንገሻ ባልከው ', 92, 46000, 0, 0),
(290, 'እሌኒ ዮሴፍ መንግስቱ  እና /ወይም ደረጄ ዘውዴ ', 2993, 1496500, 0, 0),
(291, 'ኤልሳቤት ወንደሰን ሀ/ማርያም ', 24, 12000, 0, 0),
(292, 'ዶ/ር ኢማን አብደላ የሱፍ ', 106, 53000, 0, 0),
(293, 'እመቤት አማሱ ', 1798, 899000, 0, 0),
(294, 'እመቤት ታደሰ', 47, 23500, 0, 0),
(295, 'እመቤት ታደሰ እና/ወይም ሳራ ሳህሌ ', 444, 222000, 0, 0),
(296, 'እመቤት ወ/ሀዋርያት ', 234, 117000, 0, 0),
(297, 'እምሻው አለማየሁ ገ/ሂወት ', 114, 57000, 0, 0),
(298, 'ኢምፐሪር ፋሲል  ኃ.የተ.የግል .ማ ', 139, 69500, 0, 0),
(299, 'ኤምራኬብ አሰፋ ', 75, 37500, 0, 0),
(300, 'እንዳለ ብርሀኑ አበበ', 24, 12000, 0, 0),
(301, 'እንዳለ ተስፋዬ ወልዴ ለ ካሌብ እንዳለ ', 124, 62000, 0, 0),
(302, 'እንዳለ ተስፋዬ ወልዴ ለ ሚልኪያስ  እንዳለ ', 124, 62000, 0, 0),
(303, 'እንዳለ ወዳጆ ደንቦባ ', 67, 33500, 0, 0),
(304, 'እንዳልካቸው አራጌ  ይመር', 604, 302000, 0, 0),
(305, 'እንዳሻው ተክሉ ተሊላ', 6440, 3220000, 0, 0),
(306, 'እንይ ጀነራል ቢዝነስ ኃ.የተ.የግል. ማ ', 584, 292000, 0, 0),
(307, 'ኤፍሬም አምባዬ ወ/ማርያም ', 515, 257500, 0, 0),
(308, 'ኤርሚያስ ከበደ ወሰኔ ', 62, 31000, 0, 0),
(309, 'ኢሳያስ አበበ አውግቼው ', 1891, 945500, 0, 0),
(310, 'ኢሳያስ በየነ በላይነህ ', 22, 11000, 0, 0),
(311, 'ኢሳያስ ሰይፉ ሀ/ማርያም ', 172, 86000, 0, 0),
(312, 'ኢሳያስ ተክሉ ደስታ ', 248, 124000, 0, 0),
(313, 'ፕ/ር እሸቱ ወንጨቆ ደስታ ', 517, 258500, 0, 0),
(314, 'እስክነድር ተረፈ ', 112, 56000, 0, 0),
(315, 'እስክንድር አሰፋ አሊ ', 42, 21000, 0, 0),
(316, 'እስመልሀለም ዘውዴ መርጋ ', 70, 35000, 0, 0),
(317, 'ካፕቴን እስጢፋኖስ ስዩም ጎሹ ', 632, 316000, 0, 0),
(318, 'እታፈራሁ  እሸቱ ስንታየሁ ', 257, 128500, 0, 0),
(319, 'እቴነሽ ገለቱ', 38, 19000, 0, 0),
(320, 'እፀገነት አበበ ጅማ', 29, 14500, 0, 0),
(321, 'እፀገነት ታዬ ሰይፉ ለ ነብዩ ጌታሁን ሁሴን ', 98, 49000, 0, 0),
(322, 'እፀገነት ታዬ ሰይፉ ለ ዮናታን  ጌታሁን ሁሴን ', 98, 49000, 0, 0),
(323, 'እፀህይወት ያቦወርቅ ', 240, 120000, 0, 0),
(324, 'እየሩሳሌም መንግስቱ ታገለ ', 75, 37500, 0, 0),
(325, 'እዮብ ከበደ ', 61, 30500, 0, 0),
(326, 'እዮብ መኮንን ወርቄ ', 624, 312000, 0, 0),
(327, 'እዮብ  ስምኦን ', 58, 29000, 0, 0),
(328, 'እዮብ ትሬዲንግ ኃ.የተ.የግል.ማ ', 599, 299500, 0, 0),
(329, 'እዮስያስ  ሽብሩ ወልዴ ', 29, 14500, 0, 0),
(330, 'ፋኪሀ አብዱላፊዝ መሀመድ ', 107, 53500, 0, 0),
(331, 'ፋሚሊ ትሬዲንግ ኃ.የተ.የግል.ማ', 330, 165000, 0, 0),
(332, 'ፋንታ ወ/ሰማያት ሐዊ ', 52, 26000, 0, 0),
(333, 'አምባሳደር ፋንታሁን ሀ/ሚካኤል ሰይፉ ', 1236, 618000, 0, 0),
(334, 'ፋንታዬ ተክሌ ሶርታ ', 786, 393000, 0, 0),
(335, 'ፋንቱ  ወ/መስቀል ዲረታ ', 386, 193000, 0, 0),
(336, 'ፋጡማ መሀመድ ሙስጠፋ ', 115, 57500, 0, 0),
(337, 'ፍቃዱ ኑርጋ ደረጄ', 532, 266000, 0, 0),
(338, 'ፍቃዱ ሲርባሮ በታኔ ', 466, 233000, 0, 0),
(339, 'ፈቀደ አብዛ በርሄ ', 9, 4500, 0, 0),
(340, 'ፈለቀች ግርማ ቦጋለ ', 220, 110000, 0, 0),
(341, 'ፈረጃ ጀማል ረዲ ', 208, 104000, 0, 0),
(342, 'ፈረጃ ሹኩር ', 103, 51500, 0, 0),
(343, 'ፍቅሬ እንዲሪያስ ፈርሻ', 1166, 583000, 0, 0),
(344, 'ዶ/ር ፍቅሬ እሸቴ  ተከተል ', 568, 284000, 0, 0),
(345, 'ፍቅሬ ንጉሴ እሸቴ እና /ወይም የሻረግ አርያ ', 357, 178500, 0, 0),
(346, 'ፍቅረማርያም ሀ/ሚካኤል ወ/የስ ', 134, 67000, 0, 0),
(347, 'ፍቅሩ አብዛ ', 18, 9000, 0, 0),
(348, 'ፍቅሩ ወርቁ ብርሼ', 205, 102500, 0, 0),
(349, 'ፍሬህይወት ከበደ ወ/አገኝ ', 29, 14500, 0, 0),
(350, 'ፍሬሰንበት ገ/መድህን አብዛ', 315, 157500, 0, 0),
(351, 'ፍሬወይኒ መለስ ፍሰሀዬ', 89, 44500, 0, 0),
(352, 'ፍፁም ብርሀኑ ሳህሌ ', 104, 52000, 0, 0),
(353, 'ፍፁም ወንድማማቾች መረዳጃ እድር', 1298, 649000, 0, 0),
(354, 'ገ/የሱስ ወልደጊዮርጊስ ጨማረ', 129, 64500, 0, 0),
(355, 'ገ/ኪዳን ወልደየሱስ ', 896, 448000, 0, 0),
(356, 'ገ/ክርስቶስ ወርቁ ሸኔ', 62, 31000, 0, 0),
(357, 'ገ/መስቀል ሞገስ ወ/ስማያት ', 865, 432500, 0, 0),
(358, 'ገ/ፃዲቅ ወልደስንበት የቡልጋወርቅ ', 2624, 1312000, 0, 0),
(359, 'ገ/ወልድ ተሰማ ወርቄ ', 70, 35000, 0, 0),
(360, 'ጋሻው መለስ ፍሬው ', 110, 55000, 0, 0),
(361, 'ዶ/ር ጋሻው  ተፈራ አንተንሀ ', 164, 82000, 0, 0),
(362, 'ገበየሁ ተሰማ አምባዬ', 61, 30500, 0, 0),
(363, 'ገብሬ  ብዙነህ ጉዳዬ', 264, 132000, 0, 0),
(364, 'ገብሬ ማሞ ተርጋ ', 563, 281500, 0, 0),
(365, 'ገብሬ ሀ/ጊዮርጊስ ሶርዬ ', 200, 100000, 0, 0),
(366, 'ገብሩ  ብርሀኔ እቁበስላሴ ', 292, 146000, 0, 0),
(367, 'ገዳሙ እጅጉ ሀይሌ ', 203, 101500, 0, 0),
(368, 'ጌዲዮን ነገዎ ደጀኔ ', 165, 82500, 0, 0),
(369, 'ገምገም ጀነራል ቢዝነስ አ.ማ ', 972, 486000, 0, 0),
(370, 'ገነት አብዛ በርሄ ', 19, 9500, 0, 0),
(371, 'ገነት አሰፋ ወንድሜነህ', 121, 60500, 0, 0),
(372, 'ገነት ሳ/ማርያም እንዳለ ', 268, 134000, 0, 0),
(373, 'ገነት ፀጋዬ ገ/ሚካኤል ', 76, 38000, 0, 0),
(374, 'ገነት ዘለቀ ወ//ሩፋኤል ', 781, 390500, 0, 0),
(375, 'ገረመው ጌታሁን በላቸው ', 500, 250000, 0, 0),
(376, 'ጌታቸው አስፋው መንገሻ ', 89, 44500, 0, 0),
(377, 'ጌታቸው አሰፋ ወ/ስላሴ እና ላቀች ደሳለኝ ', 77, 38500, 0, 0),
(378, 'ጌታቸው ደስታ ይማም ', 451, 225500, 0, 0),
(379, 'ጌታቸው ሀይለጊዮርጊስ ', 283, 141500, 0, 0),
(380, 'ጌታቸው ማሩ አይጉጉ', 2517, 1258500, 0, 0),
(381, 'ጌታቸው መንገሻ ወ/ኪዳን ', 2472, 1236000, 0, 0),
(382, 'ጌታቸው መንገግስቱ አስረሳኽኝ', 23, 11500, 0, 0),
(383, 'ጌታቸው መታፈሪያ ደደንገጡ ', 43, 21500, 0, 0),
(384, 'ጌታቸው ረጋሳ ገቦ', 109, 54500, 0, 0),
(385, 'ጌታቸው ወ/የሱስ ', 628, 314000, 0, 0),
(386, 'ጌታቸው ይበልጣል አበበ', 29, 14500, 0, 0),
(387, 'ጌታሁን ባሩዳ ገንዲሶ ', 207, 103500, 0, 0),
(388, 'ጌታሁን ሰይፈ ሀ/ሚካኤል ', 2214, 1107000, 0, 0),
(389, 'ጌታሁን ተረፈ ኦሮ ', 162, 81000, 0, 0),
(390, 'ጌትነት ይታየው ተሰማ ', 29, 14500, 0, 0),
(391, 'ዶ/ር ጌትነት አለሙ ዘውዱ ', 103, 51500, 0, 0),
(392, 'ጌቱ ጎበና ተሊላ ', 133, 66500, 0, 0),
(393, 'ጌቱ ምንሽር ገ/ሚካኤል ', 186, 93000, 0, 0),
(394, 'ገዛኸኝ ከበደ ገ/ሀና ', 58, 29000, 0, 0),
(395, 'ገዛኸኝ ተሰራሁ ሀይሌ ', 127, 63500, 0, 0),
(396, 'ግደይ ገብረእግዚአብኤብ ወ/ስላሴ ', 166, 83000, 0, 0),
(397, 'ጊፍት ትሬዲንግ ኃ.የተ.የግል.ማ ', 2437, 1218500, 0, 0),
(398, ' ግራዚኢሲ  ኢንሪኮ ', 284, 142000, 0, 0),
(399, 'ግርማ አበራ ሽኔ ', 43, 21500, 0, 0),
(400, 'ግርማ አጊቦ ', 119, 59500, 0, 0),
(401, 'ግርማ አለሙ ደበላ ', 36, 18000, 0, 0),
(402, 'ግርማ በቀለ ይገዙ ', 313, 156500, 0, 0),
(403, 'ግርማ በቦጋለ ገ/ወልድ ', 170, 85000, 0, 0),
(404, 'ግርማ ጎሳዬ አብዲ ', 285, 142500, 0, 0),
(405, 'ግርማ ሐይሌ ሺረጋ ', 385, 192500, 0, 0),
(406, 'ግርማ ሀይሉ አንዱአለም ', 66, 33000, 0, 0),
(407, 'ግርማ መንበሩ ተሰማ ', 50, 25000, 0, 0),
(408, 'ግርማ ፀጋዬ ለ ናታን ግርማ ', 395, 197500, 0, 0),
(409, 'ግሩም ክብሩ ትጋ ', 24, 12000, 0, 0),
(410, 'ግዛቸው አባተ አግዴ ', 37, 18500, 0, 0),
(411, 'ግዛቸው በየነ ሽዋፈራ', 399, 199500, 0, 0),
(412, 'ግዛው በረዳ ምስጌ ', 567, 283500, 0, 0),
(413, 'ግዛው ሙናንጋ ', 600, 300000, 0, 0),
(414, 'ጊዜወርቅ ወ/ስላሴ ሚንሳ ', 222, 111000, 0, 0),
(415, 'ጎበዛየሁ ዘሪሁን ለቀው /ኮፊ አቢሲኒያ ', 182, 91000, 0, 0),
(416, 'ጎሹ ዳምቴ በርደድ', 89, 44500, 0, 0),
(417, 'ኤች. ኤ. ኤች. አስ  ረል ስቴት አ.ማ ', 2487, 1243500, 0, 0),
(418, 'ሀ/ጊዮርጊስ አለሙ ተርኪክ ', 332, 166000, 0, 0),
(419, 'ሀቢባ ሲርጋጋ ዳሪ ', 324, 162000, 0, 0),
(420, 'ሀብታሙ ተረፈ ጥበቡ ', 44, 22000, 0, 0),
(421, 'ሀባትሙ ተስፋዬ በቀለ ', 24, 12000, 0, 0),
(422, 'ሀብታሙ ተሰማ በየነ ወይም ሰላማዊት ያሜ አንበሳ ', 134, 67000, 0, 0),
(423, 'ሀብቴ ብዛ ዋጄ ', 58, 29000, 0, 0),
(424, 'ሀዲስ ረቢ ተ/ማርያም ', 68, 34000, 0, 0),
(425, 'ሀይሌ አሰግዴ ሀይሌ ', 6046, 3023000, 0, 0),
(426, 'ሀይሌ ገ/ትንሳኤ ገብረፃዲቅ ', 24, 12000, 0, 0),
(427, 'ሀይሌ ወ/ሚካኤል ኦክባቶ ', 58, 29000, 0, 0),
(428, 'ሀይለገብርኤል ደጀኔ ውብሸት ', 400, 200000, 0, 0),
(429, 'ሀ/ማርያም ካህሳይ እና/ወይም አዜብ ተሰፋዬ', 177, 88500, 0, 0),
(430, 'ሀይለሰንበት አረዳ ደመቀ ', 58, 29000, 0, 0),
(431, 'ሀይሉ በርታ ወ/ሰንበት ', 306, 153000, 0, 0),
(432, 'ቀኝ አዝማች ሀይሉ ቃለወልድ አውግቼው ', 258, 129000, 0, 0),
(433, 'ሀይሉ መኮንንነ አስማማው', 27, 13500, 0, 0),
(434, 'ሀይሉ ጥላሁን እና/ወይም ሰራዊት ሽፈራሁ ', 129, 64500, 0, 0),
(435, 'ሀይሉ ተስፋ በዳሳ ', 478, 239000, 0, 0),
(436, 'ሀይሉ ወ/ገብርኤል ያበኝ ', 181, 90500, 0, 0),
(437, 'ሀይሉ ወ/ሰንበት ቤቶሳ ', 213, 106500, 0, 0),
(438, 'ሐይሉ ይርጉ ጨርቆስ ', 598, 299000, 0, 0),
(439, 'ሐይማኖት አበበ ወንድሜነህ ', 442, 221000, 0, 0),
(440, 'ሀና ይልማ ሽፈራሁ ', 32, 16000, 0, 0),
(441, 'ሀረገወይን ለማ ወርቁ ', 200, 100000, 0, 0),
(442, 'ሀረገወይን ግርማ ትካ ', 36, 18000, 0, 0),
(443, 'ሐሮን ሻይ ኢንተርፕራይዝ ', 1527, 763500, 0, 0),
(444, 'ሐሩን ያሲን ', 2173, 1086500, 0, 0),
(445, 'ሀሰን አሊ መሀመድ ', 136, 68000, 0, 0),
(446, 'ሀሰን ከማል መሀመድ ', 204, 102000, 0, 0),
(447, 'ሐዋስ አግሪ ቢዝነስ ኃ.የተ.የግል .ማ', 143, 71500, 0, 0),
(448, 'ሄኖክ ከበደ ወሰን ', 63, 31500, 0, 0),
(449, 'ሄኖክ ተድላ ወርቅነህ ', 37, 18500, 0, 0),
(450, 'ኤኖክ ተረፈ መንገሻ', 112, 56000, 0, 0),
(451, 'ሄርሜላ ፋንታሁን ይመር ', 280, 140000, 0, 0),
(452, 'ሔሮን ኢንተርናሽናል ኃ.የተ.የግል .ማ ', 192, 96000, 0, 0),
(453, 'ህላብ ሀይሌ ወ/ማርያም ', 480, 240000, 0, 0),
(454, 'ህሊና አያሌው መኮንን', 59, 29500, 0, 0),
(455, 'ሂወት ካሳ ልሁልሰገድ ', 494, 247000, 0, 0),
(456, 'ሂወቴ ታከለ ዳኘው ', 269, 134500, 0, 0),
(457, 'ሁላላ አማን አብዶ ', 259, 129500, 0, 0),
(458, 'ሁንዱማ ግራኝ ሮሮ', 56, 28000, 0, 0),
(459, 'ሁሴን መሀመድ አሊ ', 840, 420000, 0, 0),
(460, 'ሀይማኖት ወ/ፃዲቅ ወልደየሱስ ', 90, 45000, 0, 0),
(461, 'እድሪስ አህመድ ', 657, 328500, 0, 0),
(462, 'እስራኤል ካሳ መስቀሌ ', 62, 31000, 0, 0),
(463, 'እስራኤል ማቲዎስ', 14, 7000, 0, 0),
(464, 'ቃለአብ ዘውዴ መረጊያ', 130, 65000, 0, 0),
(465, 'ካሌብ  እና ኢዛና አበበ ', 108, 54000, 0, 0),
(466, 'ዶ/ር  ካሳ ባዩ ጥሩነህ ', 57, 28500, 0, 0),
(467, ' አቶ ካሳ ኦማ ', 487, 243500, 0, 0),
(468, 'አቶ ካሳሁን ግዛው መርሻ', 1263, 631500, 0, 0),
(469, 'አቶ ካሳሁን ሀ/የሱስ ', 55, 27500, 0, 0),
(470, 'ካሰች አበጋዝ መርሻ ', 303, 151500, 0, 0),
(471, 'አቶ ካሱ በላቸው ወልዴ ', 81, 40500, 0, 0),
(472, 'አቶ ካሱ ገ/ጻዲቅ  መንግስቱ ', 1945, 972500, 0, 0),
(473, 'ከበቡሽ ታደሰ ተፈራ ', 422, 211000, 0, 0),
(474, 'ካፕቴን ከበደ አስረስ ደበሌ ', 309, 154500, 0, 0),
(475, 'ከበደ ተሰራ ቦርጋኔ', 2722, 1361000, 0, 0),
(476, 'ከድር በደዊ መሀመድ', 210, 105000, 0, 0),
(477, 'አቶ ከድር ሰማን ሁሴን ', 78, 39000, 0, 0),
(478, 'አቶ ከፍያለው ጅባት ', 151, 75500, 0, 0),
(479, 'ቀለምወርቅ በለጠ ', 486, 243000, 0, 0),
(480, 'አቶ ከማል ሰይድ መሽኩር', 274, 137000, 0, 0),
(481, 'ቀመሪያ አብዱላኢ አህመድ', 59, 29500, 0, 0),
(482, 'ከተማ አጊቦ አልከታ', 130, 65000, 0, 0),
(483, 'አቶ ከተማ ፈይሳ ደጋጋ ', 51, 25500, 0, 0),
(484, 'ቀይምስራቅ ብርሀኑ ሳህሌ ', 104, 52000, 0, 0),
(485, 'ክብረት ሱራፌል  ተአምረማርያም', 74, 37000, 0, 0),
(486, 'ክበሩ መለሰ ሳዱራ ', 564, 282000, 0, 0),
(487, 'ቅድስት ነጋሽ', 83, 41500, 0, 0),
(488, 'ክፍሌ ባይነሳኝ ሳህሉ', 137, 68500, 0, 0),
(489, 'ክፍሌ ይርጋ ማሩጋ ', 269, 134500, 0, 0),
(490, 'ክፍሉ ገ/ህይወት ፀሀይ ', 234, 117000, 0, 0),
(491, 'ክንፈ ሀ/ገብርኤል ', 24, 12000, 0, 0),
(492, 'ክንፈገብርኤል ማቲዎስ ', 21, 10500, 0, 0),
(493, 'ኪሮስ አብርሀ ተ/ፃዲቅ እና ወይም ብርሀኑ ኪ/ማርያም ', 1810, 905000, 0, 0),
(494, 'ቆንጂት አየለ ከዳርዳ ', 589, 294500, 0, 0),
(495, 'ቆንጂት አእንዳሻው ደበላ ', 157, 78500, 0, 0),
(496, 'ኮሬ ባዌ ጨረቶ', 1265, 632500, 0, 0),
(497, 'ኩማ ትርፌ ', 791, 395500, 0, 0),
(498, 'ቁምላቸው አባተ እንዳለ', 59, 29500, 0, 0),
(499, 'ላዕከማርያም ደምሴ ወ/ፃዲቅ ', 200, 100000, 0, 0),
(500, 'ላቀ መላኩ ልሳነወርቅ ', 142, 71000, 0, 0),
(501, 'ላቀው ገ/የስ ተሰማ', 1086, 543000, 0, 0),
(502, 'ለዓለም ጥላሁን ደምሴ ', 98, 49000, 0, 0),
(503, 'ለገሰ አዋኖ  ጋሎ', 1207, 603500, 0, 0),
(504, 'ለገሰ ገላን ቢራቱ ', 69, 34500, 0, 0),
(505, 'ለገሰ ጠቅህሬ እና/ቀይም ሐረገወይን በላይ', 47, 23500, 0, 0),
(506, 'ለይላ አባተ አስርስ ', 119, 59500, 0, 0),
(507, 'ለምለም ብርሀኔ ገ/ወልድ', 57, 28500, 0, 0),
(508, 'ለማ በሻህ በዳሳ', 444, 222000, 0, 0),
(509, 'ለማ ሀ/ጊዮርጊስ ከረሞ ', 1516, 758000, 0, 0),
(510, 'ለማ ጀንበሬ ', 444, 222000, 0, 0),
(511, 'ለማ ሙለታ ደንበል ', 115, 57500, 0, 0),
(512, 'ዶ/ር ለማ ንጋቱ ማዘጊያ', 222, 111000, 0, 0),
(513, 'ልሁልሰገድ አድማሱ ፀጋ ', 875, 437500, 0, 0),
(514, 'ሊና ነጋሽ አደላ ', 440, 220000, 0, 0),
(515, 'መሀሙድ አህመድ ናጂስፍ ', 595, 297500, 0, 0),
(516, 'መሀሌት ገ/እግዚያብሔር ', 72, 36000, 0, 0),
(517, 'መሀሌት ዘውዴ መርጊያ', 45, 22500, 0, 0),
(518, 'ማከዳ በላይ ወ/የሱስ ', 27, 13500, 0, 0),
(519, 'ማለደ አዱኛ ሙሉነህ ', 36, 18000, 0, 0),
(520, 'ማም ትሬዲንግ ኃ.የተ.የግል .ማ ', 156, 78000, 0, 0),
(521, 'ማንደፍሮ አስፋው ለማ ', 200, 100000, 0, 0),
(522, 'ማርሸት ባዘዘው ነጋሽ ', 239, 119500, 0, 0),
(523, 'ማርታ አንዳርጌ ወ/ጊዮርጊስ ', 79, 39500, 0, 0),
(524, 'ማርታ አየለ ', 1062, 531000, 0, 0),
(525, 'ማርታ ገዳሙ እጂጉ ', 96, 48000, 0, 0),
(526, 'ማርታ ሀ/ማርያም ካሳ ', 200, 100000, 0, 0),
(527, 'ማርታ ሁነኛው ገ/መስቀል እና /ወይም ሰለሞን ገ/መድህን ', 278, 139000, 0, 0),
(528, 'ማርታ ስንታየሁ ወ/ፃዲቅ ', 402, 201000, 0, 0),
(529, 'ማስረሻ ገ/ማርያም ታደሰ ', 200, 100000, 0, 0),
(530, 'ማቲዎስ ሞጊሶ ጌጃ ', 30, 15000, 0, 0),
(531, 'ማትያስ ሙሉጌታ ደምሴ ', 120, 60000, 0, 0),
(532, 'ማቶዎስ አዳዬ እና/ወይም አፄነሽ ወ/ጊዮርጊስ ', 205, 102500, 0, 0),
(533, 'መሃዛ ዱጋ ፈይሳ ', 92, 46000, 0, 0),
(534, 'ማሃዛ ተረዳ ሱጋ ', 276, 138000, 0, 0),
(535, 'መብራት ሳህለማርያም እንዳለ ', 218, 109000, 0, 0),
(536, 'ሲሰተር መብራት ወ/ትንሳይ ', 344, 172000, 0, 0),
(537, 'መብራቱ ለማ ቱፋ ', 2914, 1457000, 0, 0),
(538, 'መድህን ተሰማ ለቻ ', 100, 50000, 0, 0),
(539, 'ምሀሪ ተ/ማርያም ', 178, 89000, 0, 0),
(540, 'ምህረት አየነው ', 201, 100500, 0, 0),
(541, 'መቅደስ ለታ በየቻ ', 27, 13500, 0, 0),
(542, 'መቅደስ ታደሰ ገ/ሂወት ', 94, 47000, 0, 0),
(543, 'መክብብ ሞገስ ፈለቀ', 2034, 1017000, 0, 0),
(544, 'መቅደስ ማውሻ ባህታ', 24, 12000, 0, 0),
(545, 'መቅደስ ዘለቀ', 950, 475000, 0, 0),
(546, 'መኮንን አለሙ ገ/ስላሴ ', 58, 29000, 0, 0),
(547, 'መኮንን ጨና ንካ ', 390, 195000, 0, 0),
(548, 'መኮንን ፍላቴ አንደሶ', 145, 72500, 0, 0),
(549, 'መኮንን ገ/እግዚያብኤር በየነ ', 76, 38000, 0, 0),
(550, 'መኮንን ሀይሌ አለምነህ ', 569, 284500, 0, 0),
(551, 'መኮንን ዘርጋው አቦዬ ', 56, 28000, 0, 0),
(552, 'መኩሪያ ንጉሴ ወ/ገብርኤል ', 319, 159500, 0, 0),
(553, 'መኩሪያ ንጉሴ ወሮታ እና/ወይም ቂንጂት ሀ/ስላሴ ', 87, 43500, 0, 0),
(554, 'መኩሪያ ወዳጆ ሽብሩ ለ ሉላዳይ መኩሪያ ', 207, 103500, 0, 0),
(555, 'መላክ ልየው አስረስ', 245, 122500, 0, 0),
(556, 'ምላኩ ጥላሁን ክፍሌ', 781, 390500, 0, 0),
(557, 'መለሰ ጭብሳ ገ/ሰንበት ', 1081, 540500, 0, 0),
(558, 'መለስ ሽኩር ማርደ', 1894, 947000, 0, 0),
(559, 'መለስ ቶቤ ', 158, 79000, 0, 0),
(560, 'መና ጋየም ', 24, 12000, 0, 0),
(561, 'መንበረ አለሙ ኦብሉ', 805, 402500, 0, 0),
(562, 'መንበረ ብርሀኑ ጅማ ', 638, 319000, 0, 0),
(563, 'መንበረ ሐይሌ ጉልማሜ', 2007, 1003500, 0, 0),
(564, 'መንበረወርቅ ደጉ አበጋዝ', 76, 38000, 0, 0),
(565, 'መንበሩ ቱፋ አብዲ ', 112, 56000, 0, 0),
(566, 'መንገሻ ግርማ ', 31, 15500, 0, 0),
(567, 'መንገግሰቱ ዳቢ', 2319, 1159500, 0, 0),
(568, 'መንግስቱ ሀ/ማርያም ገንዘቦ', 699, 349500, 0, 0),
(569, 'መንግስቱ ዋልጋ ጮራ', 275, 137500, 0, 0),
(570, 'መኑር በድሩ ሽፋ ', 109, 54500, 0, 0),
(571, 'ሜሪ ሰለሞን ', 22, 11000, 0, 0),
(572, 'መርየም አብዱላሂ አፊ', 2104, 1052000, 0, 0),
(573, 'ኮ/ል መርሻ ወዳጆ ብሩ ', 326, 163000, 0, 0),
(574, 'መሰረት በየነ ደስታ', 91, 45500, 0, 0),
(575, 'መሠረት ሀይሌ ተፈሪ', 46, 23000, 0, 0),
(576, 'መሠረት ክፍሌ', 58, 29000, 0, 0),
(577, 'መሰረት መኮንን ገ/ማርያም ', 2064, 1032000, 0, 0),
(578, 'መሰረት ጥላሁን ማንያዘዋል', 105, 52500, 0, 0),
(579, 'መሰርት ወ/ሀና ', 161, 80500, 0, 0),
(580, 'መሰረት ወ/ኪዳን ፎርሲዶ ', 91, 45500, 0, 0),
(581, 'መስፍን ግርማ ሽብሩ ', 745, 372500, 0, 0),
(582, 'መስፍን ታደሰ ደበላ እና ወይም ዮናስ መስፍን ', 20, 10000, 0, 0),
(583, 'መስፍን ታደሰ ገ/ወልድ', 94, 47000, 0, 0),
(584, 'መስፍን ውብእሸት ገ/ሚካኤል ', 287, 143500, 0, 0),
(585, 'መስከረም መኮንን ዘርጋው ', 24, 12000, 0, 0),
(586, 'መስከረም ሸንቁጤ', 24, 12000, 0, 0),
(587, 'ምስራቅ አርጋው ', 344, 172000, 0, 0),
(588, 'መሳይ ደመረ ', 126, 63000, 0, 0),
(589, 'ሜትሮ ኢንተርፕራይዝ ኃ.የተ.የግል.ማ', 192, 96000, 0, 0),
(590, 'መፅናናት ሲሳይ አግዛ', 45, 22500, 0, 0),
(591, 'መውደድ ቦርጋ ዱግዳ', 58, 29000, 0, 0),
(592, 'መዝገበ አሰፋ ፀጋዬ ', 24, 12000, 0, 0),
(593, 'ሚካኤል ዜና ', 109, 54500, 0, 0),
(594, 'ምኞቴ  ምህረቱ መኩሪያ ', 24, 12000, 0, 0),
(595, 'ምኞቴ የኃላሸት ለማ ', 311, 155500, 0, 0),
(596, 'ሚካኤል አንበሴ ዲናው ', 203, 101500, 0, 0),
(597, 'ምክረ ዳምቴ ከተማ ', 148, 74000, 0, 0),
(598, 'ዶር ሚኪያስ አባይነህ ወ/ሚካኤል ', 205, 102500, 0, 0),
(599, 'ሚናሴ  ወንድማገኘሁ ፈለቀ ', 1129, 564500, 0, 0),
(600, 'ምናየ ኃ .የተ.የግል. ማ ', 9951, 4975500, 0, 0),
(601, 'ሚኒሊክ አንበሴ ዲናው ', 204, 102000, 0, 0),
(602, 'ምንወየለት መላክ  ይርዳው ', 154, 77000, 0, 0),
(603, 'ምስጋናው ደረስ በፍቃዱ ', 178, 89000, 0, 0),
(604, 'ምስራቅ አለማየሁ ', 279, 139500, 0, 0),
(605, 'ምስራቅ ማሮዎስ', 21, 10500, 0, 0),
(606, 'ምስራቅ ተሰማ ዘርጋው ', 717, 358500, 0, 0),
(607, 'ምትኬ ጥላሁን ሀ/ማርያም ', 274, 137000, 0, 0),
(608, 'ምትኩ ገብሩ ብዛኒ ', 37, 18500, 0, 0),
(609, 'ምትኩ ለማ ጂጆ', 370, 185000, 0, 0),
(610, 'ሞገስ አበበ ወሰን', 476, 238000, 0, 0),
(611, 'ሞገስ ጌታቸው ውቤ ', 320, 160000, 0, 0),
(612, 'ሞገስ ወ/ብርሀን ወልደተክሌ ', 151, 75500, 0, 0),
(613, 'መሀመድ አበደላ የሱፍ ', 3006, 1503000, 0, 0),
(614, 'ሙሀመድ አላሚን አህመድ ', 193, 96500, 0, 0),
(615, 'መሀመድ ሐሚድ ኦማር ', 373, 186500, 0, 0),
(616, 'ዶ/ር መሀመድ ሙሳ ', 58, 29000, 0, 0),
(617, 'መሀሙድ አህመድ እና አልማዝ ይልማ ', 183, 91500, 0, 0),
(618, 'ሞላ ተመስገን ጫካ ', 99, 49500, 0, 0),
(619, 'ሞፕላኮ ጥሬዲንግ ኃ.የተ.የግል ማ ', 5028, 2514000, 0, 0),
(620, 'ሙህዲን ከማል', 264, 132000, 0, 0),
(621, 'ሙሊሻ ስራጅ መሀመድ ', 360, 180000, 0, 0),
(622, 'ዶ/ር ሙላት ደመቀ ደስታ ', 129, 64500, 0, 0),
(623, 'ሙላቱ ኬሮ አንዲሶ ', 3077, 1538500, 0, 0),
(624, 'ሙሉ አፅብሀ ንጉሴ', 200, 100000, 0, 0),
(625, 'ሙሉ አኤሌክትሮኒክስ ኢንጂነሪንግ ኃ.የተ.የግል ማ ', 614, 307000, 0, 0),
(626, 'ሙሉ ግርማይ ለ ሚካኤል ተስፋዬ ሀ/ማርያም መሀመድ ', 500, 250000, 0, 0),
(627, 'ሙሉ ግርማይ ለቃለኪሮስ  ተስፋዬ ሀ/ማርያም መሀመድ ', 500, 250000, 0, 0),
(628, 'ሙሉ ግርማይ ለ ማክዳ  ተስፋዬ ሀ/ማርያም መሀመድ ', 500, 250000, 0, 0),
(629, 'ሙሉ ግርማይ ነርኤ ', 497, 248500, 0, 0),
(630, 'ሙሉ መኮንን ግዛው  ', 261, 130500, 0, 0),
(631, 'ሙሉ ታክለ ዳኘው', 453, 226500, 0, 0),
(632, 'ሙሉ ታምር ተመስገን ', 3391, 1695500, 0, 0),
(633, 'ሙሉ ወ/ሚካኤል ሶርጋ ', 112, 56000, 0, 0),
(634, 'ሙሉ ዪሰሙ ዘመድኩን ', 134, 67000, 0, 0),
(635, 'ሙሉጌታ አረዳ ', 58, 29000, 0, 0),
(636, 'ሙሉጌታ በርሄ ማሩ ', 98, 49000, 0, 0),
(637, 'ሙሉጌታ ጌታሁን በርቱ ', 1064, 532000, 0, 0),
(638, 'ሙሉጌታ ከበደ እርቤቶ ', 60, 30000, 0, 0),
(639, 'ሙሉጌታ ክንፈ  ተ/ማርያም ', 262, 131000, 0, 0),
(640, 'ሙሉጌታ ሙሉነህ መርሻ ', 750, 375000, 0, 0),
(641, 'ሙሉጌታ ሰይፉ በየነ ', 72, 36000, 0, 0),
(642, 'ሙሉጌታ ተፈራ ስዩም ', 2203, 1101500, 0, 0),
(643, 'ሙሉጌታ ተፈራ ታዬ', 663, 331500, 0, 0),
(644, 'ሙሉቀን አለሙ ', 89, 44500, 0, 0),
(645, 'ሙሉነሽ አድማሱ ', 39, 19500, 0, 0),
(646, 'ሙሉነሽ ሚፍታ መሀመድ ', 47, 23500, 0, 0),
(647, 'ሙሉወርቅ ፉሌ  ሹሜ', 61, 30500, 0, 0),
(648, 'ሙሉወርቅ ተሾመ  ገብሬ ', 202, 101000, 0, 0),
(649, 'ሙሰማ አማን አብዶ ', 176, 88000, 0, 0),
(650, 'ሙሰማ ሸሸሞ ', 657, 328500, 0, 0),
(651, 'ናኒ ሀ/ገብርኤል ', 64, 32000, 0, 0),
(652, 'ናኒ ሀ/ገብርኤል  ለ በምነት ንጋቱ ', 42, 21000, 0, 0),
(653, 'ናኒ ሀ/ገብርኤል  ለ ያብስራ  ንጋቱ ', 42, 21000, 0, 0),
(654, 'ናስር ጀማል አህመድ ', 483, 241500, 0, 0),
(655, 'ናትናኤል መንግስቱ ዳቢ ', 923, 461500, 0, 0),
(656, 'ን.ኢ.ቢ ኢንተርፕራይዝ ', 58, 29000, 0, 0),
(657, 'ነብዩ መንግስቱ በንቲ ', 224, 112000, 0, 0),
(658, 'ነብዩ ፀጋዬ ላቀው ', 693, 346500, 0, 0),
(659, 'ነጋ ተስፋዬ ', 161, 80500, 0, 0),
(660, 'ነጋሽ በቀና ቱርጋ ', 200, 100000, 0, 0),
(661, 'ነገደ ጫካ ማሞ ', 71, 35500, 0, 0),
(662, 'ነገሰ አበበ መልካ ', 350, 175000, 0, 0),
(663, 'ነገዎ ደጀኔ መልካ እና /ወይም  አለሚቱ እንደሻው', 709, 354500, 0, 0),
(664, 'ንግስት ግርማ ለገሰ ', 124, 62000, 0, 0),
(665, 'ንጉሴ ስዩም ሁርጌሳ ', 1077, 538500, 0, 0),
(666, 'ነሪ ማሂዶ ምነዊ ', 67, 33500, 0, 0),
(667, 'ነስሩ  ኦማር ሀሰን ', 139, 69500, 0, 0),
(668, 'ነስሩ ሺፋ ወዳድ ', 35, 17500, 0, 0),
(669, 'ዶ/ር ነዋይ ተክሌ ኩማሎ ', 423, 211500, 0, 0),
(670, 'ንብ ኢንተርናሽናል ባንክ አ.ማ ', 25000, 12500000, 0, 0),
(671, 'ንግሩ ክብረት ተስፋ', 152, 76000, 0, 0),
(672, 'ንግስቲ ምስጉን ቦኸር', 24, 12000, 0, 0),
(673, 'ንጉሴ ተስፋዬ ገ/ሚካኤል ', 602, 301000, 0, 0),
(674, 'ንጉሴ ቱሩፌ  ዲባዮ', 603, 301500, 0, 0),
(675, 'ንቁ ዙካ ፈረሸ', 192, 96000, 0, 0),
(676, 'ኖላቂ አምደማርያም ወ/መድህን', 340, 170000, 0, 0),
(677, 'ኑጁባ ዋበላ መሀመድ', 428, 214000, 0, 0),
(678, 'ኑረዲን  ባረጌቾ ሐሰን ', 175, 87500, 0, 0),
(679, 'ኑረዲን መሀመድ ', 124, 62000, 0, 0),
(680, 'ኦሪኦን ፋንታሁን ይመር ', 280, 140000, 0, 0),
(681, 'ፓልም ኢትዮጵያ ኃ.የተ.የግል ማ', 1179, 589500, 0, 0),
(682, 'ፋኑኤል ተፈራ ሚናስ ', 90, 45000, 0, 0),
(683, 'ፖሊክ ሀይሌ ወ/ማርያም ', 480, 240000, 0, 0),
(684, 'ራቼል ጂያቺሮ', 57, 28500, 0, 0),
(685, 'ራሔል ገ/ጊዮርጊስ እና /ወይም ዳግም  ጌታቸው ', 575, 287500, 0, 0),
(686, 'ራሄል ገ/ወልድ ተፈሪ', 114, 57000, 0, 0),
(687, 'ራሄል ጌቱ መንገሻ ', 837, 418500, 0, 0),
(688, 'ራሔል ካሳ ልሁልሰገድ', 128, 64000, 0, 0),
(689, 'ራሄል ሞገስ አዳፍሬ እና/ወይም  ረቂቅ ፋሲል ', 200, 100000, 0, 0),
(690, 'ራህመቶ ህሊል ', 231, 115500, 0, 0),
(691, 'ርብቃ አበበ አይችሉህም ', 827, 413500, 0, 0),
(692, 'ረድኤት ከበደ ጉልቴ', 50, 25000, 0, 0),
(693, 'ሬድዋን መህዲ አዱስ ', 143, 71500, 0, 0),
(694, 'ሮዛ  ወ/መድህን ታሪኩ ', 149, 74500, 0, 0),
(695, 'ሩፋኤል  ደሳለኝ እና/ወይም ሮማን ታፈሰ', 71, 35500, 0, 0),
(696, 'ሩት ፍቃዱ ዘውዴ', 20, 10000, 0, 0),
(697, 'ሳባ ሳህለማርያም እንዳለ ', 175, 87500, 0, 0),
(698, 'ሳህሌ ተሰማ ሌጫ', 2094, 1047000, 0, 0),
(699, 'ሳህሌ ጥላሁን ወልዴ ', 213, 106500, 0, 0),
(700, 'ሳህሌ ወ/ሰንበት አንዲሶ ', 1065, 532500, 0, 0),
(701, 'ሳህሌ ወ/ፃዲቅ ገብሬ ', 48, 24000, 0, 0),
(702, 'ሳህሌ ወ/የሱስ እዴ ', 1258, 629000, 0, 0),
(703, 'ሳህሌ ወልዳይ አብርሀ ', 1478, 739000, 0, 0),
(704, 'ሳህሌ ዘርጋው ባለኬር ', 58, 29000, 0, 0),
(705, 'ሳህሉ ገ/ኪዳን ሀይለገብርኤል ', 58, 29000, 0, 0),
(706, 'ሳህሉ ሀይሌ ሀ/ገብርኤል ', 1791, 895500, 0, 0),
(707, 'ሳምሶን ፈቅረማርያም ', 185, 92500, 0, 0),
(708, 'ሳሙኤል አደመ  አላባ', 145, 72500, 0, 0),
(709, 'ሳሙኤል ግታሁን ካሳ ', 243, 121500, 0, 0),
(710, 'ሳሙኤል ከበደ ወሰን ', 61, 30500, 0, 0),
(711, 'ሳሙኤል ሳህለማርያም እንዳለ ', 192, 96000, 0, 0),
(712, 'ሳሙኤል ሱልጣን ኦዳ ', 496, 248000, 0, 0),
(713, 'ሳሙኤል ወ/ዮሐንስ  ብርቄ ', 820, 410000, 0, 0),
(714, 'ሳናቴክ ሀይሌ ', 480, 240000, 0, 0),
(715, 'ሳንታማሪያ ኮንስተራክሽን ኃ.የተ.የግል.ማ', 1294, 647000, 0, 0),
(716, 'ሳራ ሀ/ማርያም ሞላ ', 349, 174500, 0, 0),
(717, 'ሰብለ አሰቻለው ዲባባ', 226, 113000, 0, 0),
(718, 'ሰብለወንጌል ታደሰ ጪንቅሎ', 200, 100000, 0, 0),
(719, 'ሰይድ ሁሴን አሊ ', 3876, 1938000, 0, 0),
(720, 'ሰይፉ ሀ/ማርያም ናንሳኔ ', 67, 33500, 0, 0),
(721, 'ሰይፉ ነጋሽ በለይ ', 27, 13500, 0, 0),
(722, 'ሰይፉ ሰማ ሙዘይን ', 75, 37500, 0, 0),
(723, 'ሰላም  አበራ ወ/ፃዲቅ ', 590, 295000, 0, 0),
(724, 'ሰላም  ሲሳይ አግዛ ', 45, 22500, 0, 0),
(725, 'ሰላማዊት አበበ ገ/ማርያም ', 26, 13000, 0, 0),
(726, 'ሰላማዊት ግርማ ገ/ማርያም ', 11261, 5630500, 0, 0),
(727, 'ሰመረ አትክልቲ ተስፋይ ', 36, 18000, 0, 0),
(728, 'ስሜት አሸብር ከበደ ', 30, 15000, 0, 0),
(729, 'ሰሙ  ዋቅቶላ  ቱሬ ', 225, 112500, 0, 0),
(730, 'ስመንጉስ ወዳጅ ጨብሬ ', 367, 183500, 0, 0),
(731, 'ሰናይት መካሻ ወ/መስቀል ', 26, 13000, 0, 0),
(732, 'ሰናይት ሙላቱ አክሊል ', 286, 143000, 0, 0),
(733, 'ሰናይት ነጋሽ ባልቻ ', 1391, 695500, 0, 0),
(734, 'ሰናይት ጥላሁን ኦማ ', 552, 276000, 0, 0),
(735, 'ሰናይት ወንድአፈራሽ', 225, 112500, 0, 0),
(736, 'ሰናይ በየነ ራምሶ ', 956, 478000, 0, 0),
(737, 'ሰርካለም አበበ በላይ ', 80, 40000, 0, 0),
(738, 'ሰርካለም በቀለ ወ/ማርያም ', 42, 21000, 0, 0),
(739, 'ስሁድ ሙደሲር ', 50, 25000, 0, 0),
(740, 'ስዩም አብዛ ', 19, 9500, 0, 0),
(741, 'ስዩም በየነ ገብራይ ', 70, 35000, 0, 0),
(742, 'ሻወል ዘለቀ ተፈራ ', 153, 76500, 0, 0),
(743, 'ሸምሰዲን መሀመድ ሐሰን ', 162, 81000, 0, 0),
(744, 'ሸምሱ  ሻሚሶ ማዴ ', 205, 102500, 0, 0),
(745, 'ሸረፋ ኪምባዶ መሀመድ ', 394, 197000, 0, 0),
(746, 'ሸዋለም አብዛ በርሄ ', 9, 4500, 0, 0),
(747, 'ሸዋለም በርሄ አለማር ', 179, 89500, 0, 0),
(748, 'ሸዋነሽ ዘውገ ወ/ዮሐንስ ', 57, 28500, 0, 0),
(749, 'ሸዋረዳ ገ/መስቀል ', 58, 29000, 0, 0),
(750, 'ሸዋረጋ ቢረዳ ', 70, 35000, 0, 0),
(751, 'ሸዋረገድ ወንድሙ በላይነህ እና ወይም ተስፋዬ በለጠ ', 274, 137000, 0, 0),
(752, 'ሸዋዬ ታደሰ ወ/ፃዲቅ ', 189, 94500, 0, 0),
(753, 'ሽባባው አለማየሁ  እንግዳ ', 127, 63500, 0, 0),
(754, 'ሽፈራው አራጋው ', 163, 81500, 0, 0),
(755, 'ሽመልስ ገ/ሚካኤል ተሰማ ', 316, 158000, 0, 0),
(756, 'ሽታዬ ተማም ሀሰን ', 353, 176500, 0, 0),
(757, 'ሸዋዘመድ ወ/ሚካኤል እና /ወይም ሐረገወይን ወ/የስ ', 500, 250000, 0, 0),
(758, 'ሹምበዛ አሰፋ ጫካ ', 71, 35500, 0, 0),
(759, 'ስፍራርቅ ኪዳኔ ደስታ ', 215, 107500, 0, 0),
(760, 'ስለሺ ተፈራ ሞገስ ', 37, 18500, 0, 0),
(761, 'ስመሜ ኩላላ ፉጋሬ ', 1955, 977500, 0, 0),
(762, 'ስንዱ አበበ ወ/ማርያም ', 231, 115500, 0, 0),
(763, 'ስንዱ ካሳዬ ተ/ወልድ ', 717, 358500, 0, 0),
(764, 'ሲርጋጋ ዳሪ ቡሽራ', 1000, 500000, 0, 0),
(765, 'ሲሳይ አግዛ ዘርጋ ', 74, 37000, 0, 0),
(766, 'ሲሳይ እንዳለ በዳኔ ', 600, 300000, 0, 0),
(767, 'ሲሳይ ክ/ሚካኤል ', 976, 488000, 0, 0),
(768, 'ሲሳይ ተስፋዬ በቀለ ', 339, 169500, 0, 0),
(769, 'ሲሳይ ወ/የሱስ ሙላት ', 124, 62000, 0, 0),
(770, 'ስዩም ሐ/ሥላሴ ገብረየሱስ ', 58, 29000, 0, 0),
(771, 'ስዩም ውድመም ደንገዞ እና/ ወይም ኤልሳቤት አረጋይ ', 192, 96000, 0, 0),
(772, 'ዶ/ር ስዩም  ዮሴፍ ሳህሉ ', 450, 225000, 0, 0),
(773, 'ሶጃት ትራንሰፖረተ  ኃ.የተ.የግል.ማ ', 123, 61500, 0, 0),
(774, 'ዶ/ር ሰለሞን በኩሬ ', 195, 97500, 0, 0),
(775, 'ሰለሞን  ደምሴ ለገሰ', 76, 38000, 0, 0),
(776, 'ሰለሞን  ገ/አምላክ እና/ወይም እሌኒ ተገኝ ', 200, 100000, 0, 0),
(777, 'ሰለሞን ገዳ ደበሌ ', 60, 30000, 0, 0),
(778, 'ሰለሞን  ንጉሴ ', 697, 348500, 0, 0),
(779, 'ሰለሞን  ተመስገን  ጫካ ', 90, 45000, 0, 0),
(780, 'ሰለሞን ተስፋዬ ተረዳ ', 46, 23000, 0, 0),
(781, 'ሰለሞን የኃላሸት አዳሙ ', 47, 23500, 0, 0),
(782, 'ስራጅ አብደላ ሀሰን ', 1009, 504500, 0, 0),
(783, 'ሱራፌል ከበደ ወሰን ', 63, 31500, 0, 0),
(784, 'ሱራፌል ዘለቀ ሀይሌ ', 59, 29500, 0, 0),
(785, 'ቲ.ኬ ኢንተርናሽናል ኃ.የተ.የግል.ማ ', 3523, 1761500, 0, 0),
(786, 'ታደለ በዳኔ ሮባ ', 150, 75000, 0, 0),
(787, 'ታደለ ገለቻ ማኔ ', 861, 430500, 0, 0),
(788, 'ታደለች ወልዴ ሹምበርካ ', 781, 390500, 0, 0),
(789, 'ታደስ አበበ እና/ወይም ስርጉት ሞገስ ለገሰ ', 80, 40000, 0, 0),
(790, 'ታደሰ በጋሻው አበበ ', 104, 52000, 0, 0),
(791, 'ታደሰ በቀለ ኪዳኔ ', 120, 60000, 0, 0),
(792, 'ታደሰ እርቁ  ሹምዬ ', 271, 135500, 0, 0),
(793, 'ታደሰ ቀለሙ ተሰማ ለ አቅላሲያ ብረሀኑ ', 57, 28500, 0, 0),
(794, 'ታደሰ ታፈሰ ከበደ ', 241, 120500, 0, 0),
(795, 'ታደሰ ታዬ ፆታ ', 58, 29000, 0, 0),
(796, 'ታደሰ ተፈራ አሉላ', 2000, 1000000, 0, 0),
(797, 'ታደሰ ተክሌ ወ/የሐንስ', 1085, 542500, 0, 0),
(798, 'ታደሰ ይሄይስ ወ/ዮሐንስ', 233, 116500, 0, 0),
(799, 'ታፈሰ አግዴ ሀ/ጊዮርጊስ ', 112, 56000, 0, 0),
(800, 'ታፈሰ ቦጋለ ገ/ወልድ', 1609, 804500, 0, 0),
(801, 'ታፈሰች ተመስገን በየነ ', 476, 238000, 0, 0),
(802, 'ታመነ ለማ ', 400, 200000, 0, 0),
(803, 'ታምራት  ንቁ ዙካ ', 261, 130500, 0, 0),
(804, 'ታምሩ  ወ/ማርያም ባሂረታሰ ', 124, 62000, 0, 0),
(805, 'ታሪኳ አበባው ጌጡ ', 50, 25000, 0, 0),
(806, 'ታዬ በላቸው መልካ እና /ወይም አበራሽ ዳኜ ', 98, 49000, 0, 0),
(807, 'ታዬ ማርቆስ አሊ', 124, 62000, 0, 0),
(808, 'ታዬ ተፈሪ ማሩ ', 89, 44500, 0, 0),
(809, 'ታዬ ተስፋዬ ማነደፍሮ', 930, 465000, 0, 0),
(810, 'ተድላ ገ/መድህን ገበረመስቀል ', 104, 52000, 0, 0),
(811, 'ተፈራ ሙሉጌታ አምዴ ', 200, 100000, 0, 0),
(812, 'ተፈራ ዋቀዮ በዳሳ', 743, 371500, 0, 0),
(813, 'ተፈሪ በቀለ ያዴሳ', 334, 167000, 0, 0),
(814, 'ተፈሪ ተሰማ በራሳ', 37, 18500, 0, 0),
(815, 'ተፈሪ ይርጋ ሀይሌ ', 175, 87500, 0, 0),
(816, 'ተገኝወርቅ ጌቱ ', 73, 36500, 0, 0),
(817, 'ትግስት ሰርከብርሀን ሀ/ስላሴ ', 294, 147000, 0, 0),
(818, 'ትግስት ተስፋዬ ፎዬ ', 75, 37500, 0, 0),
(819, 'ተጂ ኢንተርናሽናል ኃ.የተ.የግል.ማ', 117, 58500, 0, 0),
(820, 'ትክክል አድማሱ በትሩ ', 57, 28500, 0, 0),
(821, 'ተከስተ ፀጋዬ ሀ/ስላሴ ', 195, 97500, 0, 0),
(822, 'ተክሌ ፈረጃ ጋዲሳ ', 76, 38000, 0, 0),
(823, 'ተክሌ ገብሬ ቢራሮ ', 220, 110000, 0, 0),
(824, 'ኢንጅ. ተክሉ በርሄ ወልደየስ ', 549, 274500, 0, 0),
(825, 'ተማም  አማን አብደላ ', 74, 37000, 0, 0),
(826, 'ተማም ሀሰን ሂብራኢም ', 318, 159000, 0, 0),
(827, 'ተመስገን ጫካ ማሞ ', 1114, 557000, 0, 0),
(828, 'ተመስገን ታረቀ ካሳ ', 85, 42500, 0, 0),
(829, 'ጠንክር ይርጋ አሰፋው ', 102, 51000, 0, 0),
(830, 'ጠና ከበደ ወንድሜነህ ', 1084, 542000, 0, 0),
(831, 'ተቋምወርቅ ታደሰ ወ/ማርያም', 87, 43500, 0, 0),
(832, 'ተሰማ አደራ አብደቾ', 70, 35000, 0, 0),
(833, 'ተሰማ በየነ ', 183, 91500, 0, 0),
(834, 'ተሰማ ወ/ሚካኤል ', 249, 124500, 0, 0),
(835, 'ተስፋሁን ሽብሩ ገ/ማርያም ', 59, 29500, 0, 0),
(836, 'ተስፋሚካኤል ጌታሁን ወንድሙ ', 182, 91000, 0, 0),
(837, 'ተስፋዬ  አርጋው ምስጋኖ', 561, 280500, 0, 0),
(838, 'ዶ/ር ተስፋዬ  አሰፋ መሰለ ', 800, 400000, 0, 0),
(839, 'ተስፋዬ  ዳምጤ ግዛው ', 753, 376500, 0, 0),
(840, 'ተስፋዬ  ገ/እግዚያብኤር ኪዳኔ ', 81, 40500, 0, 0),
(841, 'ተስፋዬ  ገ/መስቀል አበበ', 352, 176000, 0, 0),
(842, 'ተስፋዬ  ገብሬ ደንቦባ ', 83, 41500, 0, 0),
(843, 'ተስፋዬ  ሀ/ማርያም ሙሀመድ እና ወይም ሙሉ ግርማይ ', 3352, 1676000, 0, 0),
(844, 'ተስፋዬ  ሐብቴ አኮ', 1600, 800000, 0, 0),
(845, 'ተስፋዬ  ከተማ ሹሜ', 264, 132000, 0, 0),
(846, 'ተስፋዬ  መኩሪያ ሉጋ ', 46, 23000, 0, 0),
(847, 'ተስፋዬ መሸሻ ገብሬ  ', 273, 136500, 0, 0),
(848, 'ዶ/ር ተስፋዬ ተሰማ አበበ ', 160, 80000, 0, 0),
(849, 'ተሾመ  ቸርነት ወ/ሚካኤል ', 58, 29000, 0, 0),
(850, 'ተሾመ  ግርማ ገ/ማርያም ', 3513, 1756500, 0, 0),
(851, 'ተሾመ መኮንን አብጠው ', 94, 47000, 0, 0),
(852, 'ተሾመ መኩሪያ ከበደ', 58, 29000, 0, 0),
(853, 'ተሾመ ታገሰ ኑራሞ', 316, 158000, 0, 0),
(854, 'ተዋበች መካሻ ወ/መስቀል እና ወይም አቤል ግርማ ', 21, 10500, 0, 0),
(855, 'ቴዎድሮስ ዘውዴ  ', 437, 218500, 0, 0),
(856, 'ተዘራ ቦጋለ ', 2319, 1159500, 0, 0),
(857, 'ተዘራ ደሳለኝ ደቦጭ ', 1368, 684000, 0, 0),
(858, 'ተዘሩ ፍቅሩ ወ/ዮሐንስ ', 221, 110500, 0, 0),
(859, 'ለቀ.ካህናት  ጥበቡ ስጦታው ሺበሺ ', 690, 345000, 0, 0),
(860, 'ትግሉ ተክሌ ምኖታ ', 29, 14500, 0, 0),
(861, 'ትግስት አኑር አራሮ ', 83, 41500, 0, 0),
(862, 'ትግስት ጌታቸው ተሸመ ', 512, 256000, 0, 0),
(863, 'ትግሰት ሳህለማርያም እንዳለ ', 108, 54000, 0, 0),
(864, 'ትግስት  ተፈራ በሻህ ', 106, 53000, 0, 0),
(865, 'ትግስት  ተፈራ ለ አቤም በላቸው ይርጋ ', 35, 17500, 0, 0),
(866, 'ትግስት  ተፈራ ለ አዶና በላቸው ይርጋ ', 35, 17500, 0, 0),
(867, 'ትግስት  ተፈራ ለ ሳሬም  በላቸው ይርጋ ', 35, 17500, 0, 0),
(868, 'ትግሰት ወ/ኪዳን ፎርሲዶ ', 1268, 634000, 0, 0),
(869, 'ትግስት ወ/ኪዳን ፎርሲዶ  ለ አብይ ወ/ኪዳን ', 91, 45500, 0, 0),
(870, 'ትህትና አበበ አለማየሁ', 59, 29500, 0, 0),
(871, 'ጥላሁን በረዳ ሽኩር ', 59, 29500, 0, 0),
(872, 'ጥላሁን ከተማ ደምሴ ', 419, 209500, 0, 0),
(873, 'ጥላሁን ኮቱ ሸመኒ ', 298, 149000, 0, 0),
(874, 'ትንሳኤ የኃላሸት ለማ ', 311, 155500, 0, 0),
(875, 'ጥሩንህ ስንሻው እና /ወይም ዘርትሁን ብርሀኔ', 392, 196000, 0, 0),
(876, 'ጥሩወርቅ ሀይሉ ', 49, 24500, 0, 0),
(877, 'ጥሩወርቅ ሀይሉ ለ ፍሬሰላም ሳሙኤል', 24, 12000, 0, 0),
(878, 'ጥሩወርቅ ሀይሉ ለ ሲያኔ  ሳሙኤል', 24, 12000, 0, 0),
(879, 'ጥሩወርቅ ወግደረሰኝ ', 1113, 556500, 0, 0),
(880, 'ትዛዙ አደላ ደንቢሳ ', 196, 98000, 0, 0),
(881, 'ትዛዙ ማደፍሮ ወ/የሱስ ', 171, 85500, 0, 0),
(882, 'ትዝታ ሳህሌ አርጋው ', 37, 18500, 0, 0),
(883, 'ትሩፋት ፈለቀ መካለያ ለ ቃለሀብ  ዳኘው', 222, 111000, 0, 0),
(884, 'ፀደቁ ገ/ማርያም መስፍን ', 65, 32500, 0, 0),
(885, 'ፀደይ ዘውዴ መርጊያ ', 133, 66500, 0, 0),
(886, 'ፀጋዬ አበበ', 318, 159000, 0, 0),
(887, 'ፀጋዬ አበበ ዘለለው እና ወይም መቅደስ አርጋው', 230, 115000, 0, 0),
(888, 'ፀጋዬ አሸሜ ገቢሳ', 124, 62000, 0, 0),
(889, 'ፀጋዬ አታክልቲ ገብሩ ', 188, 94000, 0, 0),
(890, 'ፀጋዬ ቱሩፌ ዲባዮ', 514, 257000, 0, 0),
(891, 'ፀጋዬ ወ/ሂወት በየነ ', 205, 102500, 0, 0),
(892, 'ፅጌረዳ ዘውዴ ደምሴ', 354, 177000, 0, 0),
(893, 'ጽጌ ለገሰ አወቀ', 349, 174500, 0, 0),
(894, 'ፀሀይ አበራ ሻለሞ ', 685, 342500, 0, 0),
(895, 'ፀሀይ እምነት ጋረደው ', 58, 29000, 0, 0),
(896, 'ፀሀይ ሀ/ጊዮርጊስ ኪዳኔ ', 35, 17500, 0, 0),
(897, 'ፀሀይነሽ  ታምሬ  ወ/ሚካኤል እና ወ/ስላሴ  ትንሳኤ ', 58, 29000, 0, 0),
(898, 'ፀሀይነሽ ተሾመ ገብሬ ', 566, 283000, 0, 0),
(899, 'ፀሀይቱ እማኙ ይመር', 505, 252500, 0, 0),
(900, 'ፀሀይ  አብዛ በርሄ', 18, 9000, 0, 0),
(901, 'ጽዮን አየለ ', 3214, 1607000, 0, 0),
(902, 'ፅዮን እንደለ ', 596, 298000, 0, 0),
(903, 'ዩናይትድ ኢንተርፕራዝ  አ.ማ ', 67, 33500, 0, 0),
(904, 'ዋልታ ኢትዮጰያ  ኃ.የተ. የግል .ማ', 1658, 829000, 0, 0),
(905, 'ወ/ስላሴ በርቱ ኖኔ', 3035, 1517500, 0, 0),
(906, 'ወይንእሸት በቀለ በየነ ', 416, 208000, 0, 0),
(907, 'ወይንእሸት በቀለ ስሙ ', 145, 72500, 0, 0),
(908, 'ወይንእሸት ደምሴ ይገዙ', 83, 41500, 0, 0),
(909, 'ወይንእሸት ታፈሰ እና ሌጋል ኢሪስ', 27, 13500, 0, 0),
(910, 'ወይንእሸት ወልዴ አበጋዝ', 124, 62000, 0, 0),
(911, 'ወ/ማርያም ብዛ  ሶሬታ ', 418, 209000, 0, 0),
(912, 'ወ/የሱስ ወልደማርያም አብሽሬ', 225, 112500, 0, 0),
(913, 'ወሌ ጉርሙ ጂሩ ', 205, 102500, 0, 0),
(914, 'ወንዳፈራሁ አሰፋ ወ/ስላሴ ', 419, 209500, 0, 0),
(915, 'ወንድማገኝ ኤርዳሮ ማሞ', 24, 12000, 0, 0),
(916, 'ወንድማገኝ ሐ/ማርያም ለማ ', 349, 174500, 0, 0),
(917, 'ዶ/ር ወንድማገኘሁ ግዛው ሀይሌ ', 1046, 523000, 0, 0),
(918, 'ወንድሙ ማሞ ከራላ ', 800, 400000, 0, 0),
(919, 'ወርቃፈራሁ ደገፉ ማሞ', 175, 87500, 0, 0),
(920, 'ወርቃፈራሁ ደገፉ ማሞ ለ ኖሀሚ የሁኃላሸት እና ሊያ  የሁኃላሸት ', 484, 242000, 0, 0),
(921, 'ወርቅነህ ምንሽር ገ/ሚካኤል', 563, 281500, 0, 0),
(922, 'ወርቅነሽ በቀለ ወ/ጊዮርጊስ ', 333, 166500, 0, 0),
(923, 'ወርቁ አየለ ታቸ ', 162, 81000, 0, 0),
(924, 'ወርቁ  ገ/መድህን ባሌ', 94, 47000, 0, 0),
(925, 'ወርቁ ሺረጋ ትራምሳ', 181, 90500, 0, 0),
(926, 'ወርቁ ተ/ወልድ ደስታ ', 37, 18500, 0, 0),
(927, 'ወርቁ ወ/ዮሐንስ ', 618, 309000, 0, 0),
(928, 'ወርቁ ውቤ ሀ/ወልድ', 63, 31500, 0, 0),
(929, 'ወሰን ከበደ ወሰን ', 61, 30500, 0, 0),
(930, 'ወሰኔ መንግስቱ እና/ ወይም ሽፈራው በንቲ ', 701, 350500, 0, 0),
(931, 'ውበት መሀሪ ተመስገን ', 570, 285000, 0, 0),
(932, 'ውብሸት ሸዋዬ አየለ', 75, 37500, 0, 0),
(933, 'ውዴ  ሀብቴ ጪጭሶ ', 300, 150000, 0, 0),
(934, 'ያቢኬብራ በዛብህ ስለሺ', 107, 53500, 0, 0),
(935, 'ያቦገረድ ብርሀኔ ይፍሩ ', 200, 100000, 0, 0),
(936, 'ያህያ አብዱልዋሴ ሁሰማን ', 613, 306500, 0, 0),
(937, 'ያእቆብ ልኬ ', 380, 190000, 0, 0),
(938, 'ያሬድ ሚርጋ አስፋው ', 64, 32000, 0, 0),
(939, 'ዶ/ር ያይኑ አስቂያስ ተ/ምድህን እና/ ወይም ልክየለሽ ጉግሳ ', 148, 74000, 0, 0),
(940, 'የራስ ሆቴሎች አድምንሰትሬተር  ብድና ቁጠባ ተቋም ', 795, 397500, 0, 0),
(941, 'የቸሀ ወንድማማቾች መረዳጃ እድር ', 347, 173500, 0, 0),
(942, 'የዴሳ ቤተሰብ መረዳጃ እድር ', 1764, 882000, 0, 0),
(943, 'የነናት ቤተሰብ መረዳጃ እድር ', 383, 191500, 0, 0),
(944, 'የህብስት የቅዱስ ገብርኤልእድር ', 2035, 1017500, 0, 0),
(945, 'የህብረት መሰላል መረዳጃ እድር ', 1819, 909500, 0, 0),
(946, 'የሁኃላሸት ለማ  ለ በሱፍቃድ  የሁኃላሸት', 311, 155500, 0, 0),
(947, 'የሁኃላሸት ለማ  ለ ቤተልሔም የሁኃላሸ', 311, 155500, 0, 0),
(948, 'የሁኃላሸት ለማ ወ/መስቀል ', 552, 276000, 0, 0),
(949, 'የሁኃላሸት ውቤ ሀይሌ ', 737, 368500, 0, 0),
(950, 'የቀድሞ የወባ ማጥፊያ ', 84, 42000, 0, 0),
(951, 'የማነ ሚካኤል መድሀኔ ', 77, 38500, 0, 0),
(952, 'የምስራች ሙሉወርቅ ተሸመ ', 63, 31500, 0, 0),
(953, 'የምስራች ሰለሞን ', 65, 32500, 0, 0),
(954, 'የኔትሁን ነጋሽ አብርሀ ', 1200, 600000, 0, 0),
(955, 'የሻነው ንጉሴ ', 42, 21000, 0, 0),
(956, 'የሺ ሀ/ማርያም ', 463, 231500, 0, 0),
(957, 'ያሺ ከበደ በቀለ', 59, 29500, 0, 0),
(958, 'የሺሐረግ ፈንቴ ሀይሉ ', 36, 18000, 0, 0),
(959, 'የሺመቤት ገብሩ ', 29, 14500, 0, 0),
(960, 'የሺጥላ አሰፋ አእምሮ ', 476, 238000, 0, 0),
(961, 'የሺጥላ በቀለ  እና የውብነሽ አደራ ', 159, 79500, 0, 0),
(962, 'የሺጥላ ሰይፉ እና እጅጋሁ ታፈሰ ', 426, 213000, 0, 0),
(963, 'የሺወርቅ ሀብቴ ደመቀ ', 209, 104500, 0, 0),
(964, 'የሱፍ አህመድ ', 267, 133500, 0, 0),
(965, 'የትናየት ፈለቀ አጥናፊ ', 915, 457500, 0, 0),
(966, 'የወይንእሸት አማረ ገ/መድህን ', 184, 92000, 0, 0),
(967, 'የውብዳር ይርጋ ', 1720, 860000, 0, 0),
(968, 'የውድማጠር ቤተሰብ መረዳጃ እድር', 559, 279500, 0, 0),
(969, 'የዘንኬል ቤተዘመድ መረዳጃ እድር ', 723, 361500, 0, 0),
(970, 'ይልማ አበበ በዳሳ ', 149, 74500, 0, 0),
(971, 'ዶ/ር ይልማ በርታ ኬረሞ ', 316, 158000, 0, 0),
(972, 'ይልማ ሽፈራው ሩፍ ', 115, 57500, 0, 0),
(973, 'ይመኑ መኮንን አስረስ ', 208, 104000, 0, 0),
(974, 'ይመር በሽር አበጋዝ', 45, 22500, 0, 0),
(975, 'ይምረዲን ኃ.የተ.የግል .ማ ', 645, 322500, 0, 0),
(976, 'ይርጋ እንዳለ ገ/ፃዲቅ ', 261, 130500, 0, 0),
(977, 'ይርጋ ገብሬ ዲረታ እና አለምነሽ ሀ/ማርያም ', 2185, 1092500, 0, 0),
(978, 'ይርጋ ምህረቱ ከበደ ', 339, 169500, 0, 0),
(979, 'ይርጋ ወልዴ እሳቱ ወይም ክብርነሽ ንስራኔ ይኖርሽ ', 860, 430000, 0, 0),
(980, 'ዮሀና ወርቁ ወ/ዮሀንስ ', 307, 153500, 0, 0),
(981, 'የሀንስ አሰፋ ወ/ጊየርጊስ እና /ወይም ብርዝገነት ስለሺ ', 422, 211000, 0, 0),
(982, 'ዮሀንስ ገ/ኪዳን ብሩ ', 153, 76500, 0, 0),
(983, 'የሀንስ ከበደ ወሰኔ', 63, 31500, 0, 0),
(984, 'ዮሀንስ  ለገሰ ገብሬ ', 201, 100500, 0, 0),
(985, 'ዮናስ ደምሴ ከፈለው ', 74, 37000, 0, 0),
(986, 'ዮናስ ነጋሽ   ዚግታ ', 27, 13500, 0, 0),
(987, 'ዮናስ ሰ/ማርያም እንዳለ ', 209, 104500, 0, 0),
(988, 'ዬሴፍ አሰፋ ዱባለ ', 410, 205000, 0, 0),
(989, 'ዮሴፍ በየነ ፍሬው ', 476, 238000, 0, 0),
(990, 'ዬሴፍ ፍሬማጦስ ተፈሪ ', 498, 249000, 0, 0),
(991, 'ዬሴፍ ግርማ ', 264, 132000, 0, 0),
(992, 'ዮሴፍ ከበደ አስፋው ', 42, 21000, 0, 0),
(993, 'ዮሴፍ ከበደ ወሰን ', 63, 31500, 0, 0),
(994, 'ዘገየ አለሙ ዋሴ ', 460, 230000, 0, 0),
(995, 'ዘሀራ ባለኪር ሲሩር ', 1435, 717500, 0, 0),
(996, 'ዘካሪያስ ሞገስ ሰለሞን', 200, 100000, 0, 0),
(997, 'ዘኪ ኢስሀቅ አብደላ ', 58, 29000, 0, 0),
(998, 'ዘላለም አበበ ዘውዴ ', 76, 38000, 0, 0),
(999, 'ዘላለም ደስታ መሸሻ ', 77, 38500, 0, 0),
(1000, 'ዘለቀ አርጋው ሻሸሞ', 262, 131000, 0, 0),
(1001, 'ዘመረ ጀማነህ ወ/ማርያም ', 373, 186500, 0, 0),
(1002, 'ዘሚካኤል ገ/መስቀል', 496, 248000, 0, 0),
(1003, 'ዘነበ ፍሬው መገንታ ', 619, 309500, 0, 0),
(1004, 'ዘነበ ተስፋዬ አድነው እና /ወይም አስቴር ይርዳው ', 203, 101500, 0, 0),
(1005, 'ዘነበች ገነሞ ', 3664, 1832000, 0, 0),
(1006, 'ዘነበች ታደስ  ገ/ወልድ', 1129, 564500, 0, 0),
(1007, 'ዜና ተመስገን ጫካ ', 102, 51000, 0, 0),
(1008, 'አቶ ዘርጋ ሰማ ኬሬሞ ', 214, 107000, 0, 0),
(1009, 'አቶ ዘርጋ ዘለቀ ዱኪ ', 186, 93000, 0, 0),
(1010, 'ዘርይሁን ላቀው ወ/ፃዲቅ ', 2224, 1112000, 0, 0),
(1011, ' አቶ ዘሪሁን ማረፊያ በዛብህ ', 176, 88000, 0, 0),
(1012, 'ዘርትሁን በላይ ለ ፍቅር ስሜነው ', 157, 78500, 0, 0),
(1013, 'አቶ ዘውዴ አርጋው ደንቦባ ', 74, 37000, 0, 0),
(1014, 'ዶ/ር ዘውዴ ዘለቀ ለገሰ', 367, 183500, 0, 0),
(1015, 'ዘውዲቱ ከበደ ሐይሌ ', 119, 59500, 0, 0),
(1016, 'ዘውዲቱ ሙጬ  አዳነ ', 27, 13500, 0, 0),
(1017, 'ዘውዱ አዱኛ ዋቄ ', 252, 126000, 0, 0),
(1018, 'ዘውዱ መለሰ ለማ ', 248, 124000, 0, 0),
(1019, 'ዝባድ ክንፈ እንቁስላሴ ', 1088, 544000, 0, 0),
(1020, 'ዝናሽ ከበደ አበበ ', 889, 444500, 0, 0),
(1021, 'ወ/ሮ ዝናሽ ስዩም ሁርጌሳ ', 657, 328500, 0, 0),
(1022, 'ወ/ሮ ዙሪያሽ ተክሌ ፈረደ', 111, 55500, 0, 0);

-- --------------------------------------------------------

--
-- Table structure for table `usermap`
--

CREATE TABLE `usermap` (
  `Id` int(11) NOT NULL,
  `maker` text NOT NULL,
  `checker` text NOT NULL
) ENGINE=InnoDB DEFAULT CHARSET=latin1;

--
-- Dumping data for table `usermap`
--

INSERT INTO `usermap` (`Id`, `maker`, `checker`) VALUES
(1, 'yeshi', 'mahlet'),
(2, 'mahlet2', 'yeshi2');

-- --------------------------------------------------------

--
-- Table structure for table `votelist`
--

CREATE TABLE `votelist` (
  `Id` int(11) NOT NULL,
  `VoterId` int(11) NOT NULL,
  `VoterName` varchar(500) CHARACTER SET utf8 COLLATE utf8_unicode_ci NOT NULL,
  `VotedCandidatesId` text NOT NULL,
  `VotedCandidatesName` text CHARACTER SET utf8 COLLATE utf8_unicode_ci NOT NULL,
  `SubscribedShare` int(11) NOT NULL,
  `DataEncoder` varchar(500) DEFAULT NULL
) ENGINE=InnoDB DEFAULT CHARSET=latin1;

--
-- Dumping data for table `votelist`
--

INSERT INTO `votelist` (`Id`, `VoterId`, `VoterName`, `VotedCandidatesId`, `VotedCandidatesName`, `SubscribedShare`, `DataEncoder`) VALUES
(1, 4, 'ዶ/ር አብደላ ሹክረላ ዘይኔ', '1 , 5 , 6 , ', 'አቶ አበበ ወ/ስላሴ አረዶ  , አቶ አለማየሁ ግርማ ደሞ  , አምሪያ ሳቢር  አርጋው , ', 274, ''),
(2, 84, 'አልማዝ ሀይሉ ጉተማ ', '3 , ', 'አዳነች ገ/ጊዮርጊስ  , ', 58, '');

-- --------------------------------------------------------

--
-- Table structure for table `votemaker`
--

CREATE TABLE `votemaker` (
  `Id` int(11) NOT NULL,
  `MakerName` text NOT NULL,
  `voterId` int(11) NOT NULL
) ENGINE=InnoDB DEFAULT CHARSET=latin1;

--
-- Dumping data for table `votemaker`
--

INSERT INTO `votemaker` (`Id`, `MakerName`, `voterId`) VALUES
(1, 'mahlet2', 4),
(2, 'mahlet2', 2),
(3, 'mahlet2', 84);

-- --------------------------------------------------------

--
-- Table structure for table `votesonagenda`
--

CREATE TABLE `votesonagenda` (
  `Id` int(11) NOT NULL,
  `VoterId` int(11) NOT NULL,
  `VoterName` text CHARACTER SET utf8 COLLATE utf8_unicode_ci NOT NULL,
  `subdcribrdShare` int(11) NOT NULL,
  `agendaId` int(11) NOT NULL,
  `AgendaTopic` text NOT NULL,
  `vote` text NOT NULL
) ENGINE=MyISAM DEFAULT CHARSET=latin1;

-- --------------------------------------------------------

--
-- Table structure for table `votestobeapproved`
--

CREATE TABLE `votestobeapproved` (
  `Id` int(11) NOT NULL,
  `VoterId` int(11) NOT NULL,
  `VoterName` text CHARACTER SET utf8 COLLATE utf8_unicode_ci NOT NULL,
  `VotedCandidatesId` text NOT NULL,
  `VotedCandidates` text CHARACTER SET utf8 COLLATE utf8_unicode_ci NOT NULL,
  `NumberOfShare` int(11) NOT NULL,
  `approval_status` tinyint(1) NOT NULL
) ENGINE=MyISAM DEFAULT CHARSET=latin1;

--
-- Dumping data for table `votestobeapproved`
--

INSERT INTO `votestobeapproved` (`Id`, `VoterId`, `VoterName`, `VotedCandidatesId`, `VotedCandidates`, `NumberOfShare`, `approval_status`) VALUES
(1, 4, 'ዶ/ር አብደላ ሹክረላ ዘይኔ', '1 , 5 , 6 , ', 'አቶ አበበ ወ/ስላሴ አረዶ  , አቶ አለማየሁ ግርማ ደሞ  , አምሪያ ሳቢር  አርጋው , ', 274, 1),
(3, 84, 'አልማዝ ሀይሉ ጉተማ ', '3 , ', 'አዳነች ገ/ጊዮርጊስ  , ', 58, 1);

-- --------------------------------------------------------

--
-- Table structure for table `voteType`
--

CREATE TABLE `voteType` (
  `Id` int(11) NOT NULL,
  `non_influential_only` tinyint(1) NOT NULL
) ENGINE=InnoDB DEFAULT CHARSET=latin1;

--
-- Dumping data for table `voteType`
--

INSERT INTO `voteType` (`Id`, `non_influential_only`) VALUES
(1, 1);

--
-- Indexes for dumped tables
--

--
-- Indexes for table `agenda`
--
ALTER TABLE `agenda`
  ADD PRIMARY KEY (`Id`);

--
-- Indexes for table `app_users`
--
ALTER TABLE `app_users`
  ADD PRIMARY KEY (`Id`);

--
-- Indexes for table `attendanceencoder`
--
ALTER TABLE `attendanceencoder`
  ADD PRIMARY KEY (`Id`);

--
-- Indexes for table `attendancemaker`
--
ALTER TABLE `attendancemaker`
  ADD PRIMARY KEY (`Id`);

--
-- Indexes for table `candidates`
--
ALTER TABLE `candidates`
  ADD PRIMARY KEY (`Id`);

--
-- Indexes for table `MaxVote`
--
ALTER TABLE `MaxVote`
  ADD PRIMARY KEY (`Id`);

--
-- Indexes for table `Notice`
--
ALTER TABLE `Notice`
  ADD PRIMARY KEY (`Id`);

--
-- Indexes for table `proxy`
--
ALTER TABLE `proxy`
  ADD PRIMARY KEY (`Id`);

--
-- Indexes for table `reversedvoteonagenda`
--
ALTER TABLE `reversedvoteonagenda`
  ADD PRIMARY KEY (`Id`);

--
-- Indexes for table `reversedvotes`
--
ALTER TABLE `reversedvotes`
  ADD PRIMARY KEY (`Id`);

--
-- Indexes for table `shareholders`
--
ALTER TABLE `shareholders`
  ADD PRIMARY KEY (`Id`);

--
-- Indexes for table `usermap`
--
ALTER TABLE `usermap`
  ADD PRIMARY KEY (`Id`);

--
-- Indexes for table `votelist`
--
ALTER TABLE `votelist`
  ADD PRIMARY KEY (`Id`);

--
-- Indexes for table `votemaker`
--
ALTER TABLE `votemaker`
  ADD PRIMARY KEY (`Id`);

--
-- Indexes for table `votesonagenda`
--
ALTER TABLE `votesonagenda`
  ADD PRIMARY KEY (`Id`);

--
-- Indexes for table `votestobeapproved`
--
ALTER TABLE `votestobeapproved`
  ADD PRIMARY KEY (`Id`);

--
-- Indexes for table `voteType`
--
ALTER TABLE `voteType`
  ADD PRIMARY KEY (`Id`);

--
-- AUTO_INCREMENT for dumped tables
--

--
-- AUTO_INCREMENT for table `agenda`
--
ALTER TABLE `agenda`
  MODIFY `Id` int(11) NOT NULL AUTO_INCREMENT, AUTO_INCREMENT=17;
--
-- AUTO_INCREMENT for table `app_users`
--
ALTER TABLE `app_users`
  MODIFY `Id` int(11) NOT NULL AUTO_INCREMENT, AUTO_INCREMENT=7;
--
-- AUTO_INCREMENT for table `attendanceencoder`
--
ALTER TABLE `attendanceencoder`
  MODIFY `Id` int(11) NOT NULL AUTO_INCREMENT, AUTO_INCREMENT=14;
--
-- AUTO_INCREMENT for table `attendancemaker`
--
ALTER TABLE `attendancemaker`
  MODIFY `Id` int(11) NOT NULL AUTO_INCREMENT, AUTO_INCREMENT=13;
--
-- AUTO_INCREMENT for table `candidates`
--
ALTER TABLE `candidates`
  MODIFY `Id` int(11) NOT NULL AUTO_INCREMENT, AUTO_INCREMENT=7;
--
-- AUTO_INCREMENT for table `MaxVote`
--
ALTER TABLE `MaxVote`
  MODIFY `Id` int(11) NOT NULL AUTO_INCREMENT, AUTO_INCREMENT=2;
--
-- AUTO_INCREMENT for table `Notice`
--
ALTER TABLE `Notice`
  MODIFY `Id` int(11) NOT NULL AUTO_INCREMENT;
--
-- AUTO_INCREMENT for table `proxy`
--
ALTER TABLE `proxy`
  MODIFY `Id` int(11) NOT NULL AUTO_INCREMENT, AUTO_INCREMENT=22;
--
-- AUTO_INCREMENT for table `reversedvoteonagenda`
--
ALTER TABLE `reversedvoteonagenda`
  MODIFY `Id` int(11) NOT NULL AUTO_INCREMENT;
--
-- AUTO_INCREMENT for table `reversedvotes`
--
ALTER TABLE `reversedvotes`
  MODIFY `Id` int(11) NOT NULL AUTO_INCREMENT;
--
-- AUTO_INCREMENT for table `shareholders`
--
ALTER TABLE `shareholders`
  MODIFY `Id` int(11) NOT NULL AUTO_INCREMENT, AUTO_INCREMENT=1023;
--
-- AUTO_INCREMENT for table `usermap`
--
ALTER TABLE `usermap`
  MODIFY `Id` int(11) NOT NULL AUTO_INCREMENT, AUTO_INCREMENT=3;
--
-- AUTO_INCREMENT for table `votelist`
--
ALTER TABLE `votelist`
  MODIFY `Id` int(11) NOT NULL AUTO_INCREMENT, AUTO_INCREMENT=3;
--
-- AUTO_INCREMENT for table `votemaker`
--
ALTER TABLE `votemaker`
  MODIFY `Id` int(11) NOT NULL AUTO_INCREMENT, AUTO_INCREMENT=4;
--
-- AUTO_INCREMENT for table `votesonagenda`
--
ALTER TABLE `votesonagenda`
  MODIFY `Id` int(11) NOT NULL AUTO_INCREMENT;
--
-- AUTO_INCREMENT for table `votestobeapproved`
--
ALTER TABLE `votestobeapproved`
  MODIFY `Id` int(11) NOT NULL AUTO_INCREMENT, AUTO_INCREMENT=4;
--
-- AUTO_INCREMENT for table `voteType`
--
ALTER TABLE `voteType`
  MODIFY `Id` int(11) NOT NULL AUTO_INCREMENT, AUTO_INCREMENT=2;
/*!40101 SET CHARACTER_SET_CLIENT=@OLD_CHARACTER_SET_CLIENT */;
/*!40101 SET CHARACTER_SET_RESULTS=@OLD_CHARACTER_SET_RESULTS */;
/*!40101 SET COLLATION_CONNECTION=@OLD_COLLATION_CONNECTION */;